site,temp,fish_id,rand_intercept,rand_slope,week,true_size,size
1,warm,1,0.7050839142457599,-0.12804609609912362,1,50.7651269561494,50.7651269561494
1,warm,1,0.7050839142457599,-0.12804609609912362,2,57.111836938906926,57.111836938906926
1,warm,1,0.7050839142457599,-0.12804609609912362,3,66.82803109098516,66.82803109098516
1,warm,1,0.7050839142457599,-0.12804609609912362,4,64.28997487386285,64.28997487386285
1,warm,1,0.7050839142457599,-0.12804609609912362,5,63.985331322285965,63.985331322285965
1,warm,1,0.7050839142457599,-0.12804609609912362,6,69.54249903182883,69.54249903182883
1,warm,1,0.7050839142457599,-0.12804609609912362,7,76.46514117826653,76.46514117826653
1,warm,1,0.7050839142457599,-0.12804609609912362,8,77.35390653044345,77.35390653044345
1,warm,2,1.2928773516094625,0.9219310026161037,1,54.12917926357622,54.12917926357622
1,warm,2,1.2928773516094625,0.9219310026161037,2,59.3049876544563,59.3049876544563
1,warm,2,1.2928773516094625,0.9219310026161037,3,65.13016030087545,65.13016030087545
1,warm,2,1.2928773516094625,0.9219310026161037,4,74.17612767551137,74.17612767551137
1,warm,2,1.2928773516094625,0.9219310026161037,5,73.63683702827332,73.63683702827332
1,warm,2,1.2928773516094625,0.9219310026161037,6,81.66686185576063,81.66686185576063
1,warm,2,1.2928773516094625,0.9219310026161037,7,84.838656716873885,84.838656716873885
1,warm,2,1.2928773516094625,0.9219310026161037,8,87.12740568601987,87.12740568601987
1,warm,3,17.15064986883281,-0.32597495084772915,1,65.82596890931329,65.82596890931329
1,warm,3,17.15064986883281,-0.32597495084772915,2,72.1353480144798,72.1353480144798
1,warm,3,17.15064986883281,-0.32597495084772915,3,75.5031136568742,75.5031136568742
1,warm,3,17.15064986883281,-0.32597495084772915,4,80.38821336372648,80.38821336372648
1,warm,3,17.15064986883281,-0.32597495084772915,5,87.42137114759464,87.42137114759464
1,warm,3,17.15064986883281,-0.32597495084772915,6,93.67403708523973,93.67403708523973
1,warm,3,17.15064986883281,-0.32597495084772915,7,94.71156838985003,94.71156838985003
1,warm,3,17.15064986883281,-0.32597495084772915,8,92.94339736906414,92.94339736906414
1,warm,4,4.609162059892024,0.11769328614242842,1,53.057273159361536,53.057273159361536
1,warm,4,4.609162059892024,0.11769328614242842,2,60.878209039961654,60.878209039961654
1,warm,4,4.609162059892024,0.11769328614242842,3,66.02986358753918,66.02986358753918
1,warm,4,4.609162059892024,0.11769328614242842,4,72.01497421666404,72.01497421666404
1,warm,4,4.609162059892024,0.11769328614242842,5,76.08521239605697,76.08521239605697
1,warm,4,4.609162059892024,0.11769328614242842,6,78.96825006499598,78.96825006499598
1,warm,4,4.609162059892024,0.11769328614242842,7,76.447192013490607,76.447192013490607
1,warm,4,4.609162059892024,0.11769328614242842,8,86.89963748593152,86.89963748593152
1,warm,5,-12.650612346065337,0.038980424781855386,1,39.64869642943485,39.64869642943485
1,warm,5,-12.650612346065337,0.038980424781855386,2,45.15175660398214,45.15175660398214
1,warm,5,-12.650612346065337,0.038980424781855386,3,48.48998245980143,48.48998245980143
1,warm,5,-12.650612346065337,0.038980424781855386,4,53.1898096479736,53.1898096479736
1,warm,5,-12.650612346065337,0.038980424781855386,5,55.61831472632236,55.61831472632236
1,warm,5,-12.650612346065337,0.038980424781855386,6,54.18084490986881,54.18084490986881
1,warm,5,-12.650612346065337,0.038980424781855386,7,65.03173852172797,65.03173852172797
1,warm,5,-12.650612346065337,0.038980424781855386,8,67.61931075723854,67.61931075723854
1,warm,6,-6.86852851893526,-0.48092831706506445,1,45.453588288165015,45.453588288165015
1,warm,6,-6.86852851893526,-0.48092831706506445,2,49.724048380074656,49.724048380074656
1,warm,6,-6.86852851893526,-0.48092831706506445,3,52.89080246597494,52.89080246597494
1,warm,6,-6.86852851893526,-0.48092831706506445,4,56.27081661848749,56.27081661848749
1,warm,6,-6.86852851893526,-0.48092831706506445,5,63.64936839367188,63.64936839367188
1,warm,6,-6.86852851893526,-0.48092831706506445,6,61.18875044187393,61.18875044187393
1,warm,6,-6.86852851893526,-0.48092831706506445,7,65.46916941326326,65.46916941326326
1,warm,6,-6.86852851893526,-0.48092831706506445,8,71.58919656375151,71.58919656375151
1,warm,7,-4.456619700999581,-0.03565404306179934,1,52.27026932606938,52.27026932606938
1,warm,7,-4.456619700999581,-0.03565404306179934,2,56.107861544017894,56.107861544017894
1,warm,7,-4.456619700999581,-0.03565404306179934,3,54.504014166636345,54.504014166636345
1,warm,7,-4.456619700999581,-0.03565404306179934,4,65.80821231763171,65.80821231763171
1,warm,7,-4.456619700999581,-0.03565404306179934,5,63.56521269648197,63.56521269648197
1,warm,7,-4.456619700999581,-0.03565404306179934,6,72.53001157475022,72.53001157475022
1,warm,7,-4.456619700999581,-0.03565404306179934,7,66.44109393947569,66.44109393947569
1,warm,7,-4.456619700999581,-0.03565404306179934,8,74.12109871356874,74.12109871356874
1,warm,8,12.240817974394618,0.7222754292116744,1,70.31283711651393,70.31283711651393
1,warm,8,12.240817974394618,0.7222754292116744,2,68.73964227114959,68.73964227114959
1,warm,8,12.240817974394618,0.7222754292116744,3,72.94957735737641,72.94957735737641
1,warm,8,12.240817974394618,0.7222754292116744,4,76.71430358042063,76.71430358042063
1,warm,8,12.240817974394618,0.7222754292116744,5,80.69465528243678,80.69465528243678
1,warm,8,12.240817974394618,0.7222754292116744,6,86.86299195012347,86.86299195012347
1,warm,8,12.240817974394618,0.7222754292116744,7,93.49028349775328,93.49028349775328
1,warm,8,12.240817974394618,0.7222754292116744,8,90.77638991432585,90.77638991432585
1,warm,9,3.598138270573638,0.22575202653960733,1,58.05983159723012,58.05983159723012
1,warm,9,3.598138270573638,0.22575202653960733,2,64.95966746290256,64.95966746290256
1,warm,9,3.598138270573638,0.22575202653960733,3,71.18811640491377,71.18811640491377
1,warm,9,3.598138270573638,0.22575202653960733,4,72.80467435333382,72.80467435333382
1,warm,9,3.598138270573638,0.22575202653960733,5,74.99722269465954,74.99722269465954
1,warm,9,3.598138270573638,0.22575202653960733,6,71.37245923246829,71.37245923246829
1,warm,9,3.598138270573638,0.22575202653960733,7,78.57388233233054,78.57388233233054
1,warm,9,3.598138270573638,0.22575202653960733,8,83.14801511314265,83.14801511314265
1,warm,10,4.0077145059405215,0.020616460996469965,1,59.738902675207676,59.738902675207676
1,warm,10,4.0077145059405215,0.020616460996469965,2,60.93193342592214,60.93193342592214
1,warm,10,4.0077145059405215,0.020616460996469965,3,61.093618004749416,61.093618004749416
1,warm,10,4.0077145059405215,0.020616460996469965,4,73.54348747420875,73.54348747420875
1,warm,10,4.0077145059405215,0.020616460996469965,5,74.84497068631076,74.84497068631076
1,warm,10,4.0077145059405215,0.020616460996469965,6,76.44370408939241,76.44370408939241
1,warm,10,4.0077145059405215,0.020616460996469965,7,83.00635556389325,83.00635556389325
1,warm,10,4.0077145059405215,0.020616460996469965,8,78.95632333220736,78.95632333220736
1,warm,11,1.1068271594511967,-0.2112484161698124,1,56.47803963665079,56.47803963665079
1,warm,11,1.1068271594511967,-0.2112484161698124,2,56.315593198171314,56.315593198171314
1,warm,11,1.1068271594511967,-0.2112484161698124,3,63.3243184764939,63.3243184764939
1,warm,11,1.1068271594511967,-0.2112484161698124,4,64.47936763079173,64.47936763079173
1,warm,11,1.1068271594511967,-0.2112484161698124,5,69.9494672176965,69.9494672176965
1,warm,11,1.1068271594511967,-0.2112484161698124,6,75.4458895076105,75.4458895076105
1,warm,11,1.1068271594511967,-0.2112484161698124,7,74.84995851721321,74.84995851721321
1,warm,11,1.1068271594511967,-0.2112484161698124,8,81.26951574094898,81.26951574094898
1,warm,12,-5.5584113475407495,-1.0266236107702578,1,43.44966293624506,43.44966293624506
1,warm,12,-5.5584113475407495,-1.0266236107702578,2,47.42352810961069,47.42352810961069
1,warm,12,-5.5584113475407495,-1.0266236107702578,3,56.719370954313014,56.719370954313014
1,warm,12,-5.5584113475407495,-1.0266236107702578,4,55.867258128450004,55.867258128450004
1,warm,12,-5.5584113475407495,-1.0266236107702578,5,51.151802137306774,51.151802137306774
1,warm,12,-5.5584113475407495,-1.0266236107702578,6,55.789734631590576,55.789734631590576
1,warm,12,-5.5584113475407495,-1.0266236107702578,7,61.852880330300074,61.852880330300074
1,warm,12,-5.5584113475407495,-1.0266236107702578,8,67.62593797930066,67.62593797930066
1,warm,13,17.869131368030782,0.5656686067070877,1,71.7291502075922,71.7291502075922
1,warm,13,17.869131368030782,0.5656686067070877,2,78.0730309975069,78.0730309975069
1,warm,13,17.869131368030782,0.5656686067070877,3,83.2431533215155,83.2431533215155
1,warm,13,17.869131368030782,0.5656686067070877,4,89.54497028144796,89.54497028144796
1,warm,13,17.869131368030782,0.5656686067070877,5,88.8655246013911,88.8655246013911
1,warm,13,17.869131368030782,0.5656686067070877,6,92.70719728973062,92.70719728973062
1,warm,13,17.869131368030782,0.5656686067070877,7,91.76909953755359,91.76909953755359
1,warm,13,17.869131368030782,0.5656686067070877,8,101.49246300395097,101.49246300395097
1,warm,14,4.9785047822923945,-0.730320035462411,1,56.1326345731433,56.1326345731433
1,warm,14,4.9785047822923945,-0.730320035462411,2,57.7958359629553,57.7958359629553
1,warm,14,4.9785047822923945,-0.730320035462411,3,63.047825982762554,63.047825982762554
1,warm,14,4.9785047822923945,-0.730320035462411,4,69.50205415867372,69.50205415867372
1,warm,14,4.9785047822923945,-0.730320035462411,5,63.34865913891459,63.34865913891459
1,warm,14,4.9785047822923945,-0.730320035462411,6,70.91474670790166,70.91474670790166
1,warm,14,4.9785047822923945,-0.730320035462411,7,75.41617638480363,75.41617638480363
1,warm,14,4.9785047822923945,-0.730320035462411,8,75.25632178842825,75.25632178842825
1,warm,15,-19.66617156629638,0.36997375543866734,1,35.305511016639954,35.305511016639954
1,warm,15,-19.66617156629638,0.36997375543866734,2,39.50806570642815,39.50806570642815
1,warm,15,-19.66617156629638,0.36997375543866734,3,42.144641222191645,42.144641222191645
1,warm,15,-19.66617156629638,0.36997375543866734,4,38.816028874178215,38.816028874178215
1,warm,15,-19.66617156629638,0.36997375543866734,5,57.89807164849687,57.89807164849687
1,warm,15,-19.66617156629638,0.36997375543866734,6,53.537773193931024,53.537773193931024
1,warm,15,-19.66617156629638,0.36997375543866734,7,60.0772245665373,60.0772245665373
1,warm,15,-19.66617156629638,0.36997375543866734,8,62.914917950322604,62.914917950322604
1,warm,16,7.013559015636854,0.9545517846087417,1,64.64213050470065,64.64213050470065
1,warm,16,7.013559015636854,0.9545517846087417,2,68.57564092397661,68.57564092397661
1,warm,16,7.013559015636854,0.9545517846087417,3,70.04783485577757,70.04783485577757
1,warm,16,7.013559015636854,0.9545517846087417,4,76.36626947069736,76.36626947069736
1,warm,16,7.013559015636854,0.9545517846087417,5,76.95009144530889,76.95009144530889
1,warm,16,7.013559015636854,0.9545517846087417,6,86.91163875598727,86.91163875598727
1,warm,16,7.013559015636854,0.9545517846087417,7,87.51230649124498,87.51230649124498
1,warm,16,7.013559015636854,0.9545517846087417,8,100.70029335387142,100.70029335387142
1,warm,17,-4.72791407727934,-0.7219465804858997,1,43.196992655170206,43.196992655170206
1,warm,17,-4.72791407727934,-0.7219465804858997,2,49.63623103285082,49.63623103285082
1,warm,17,-4.72791407727934,-0.7219465804858997,3,56.38238576954068,56.38238576954068
1,warm,17,-4.72791407727934,-0.7219465804858997,4,58.31469724141305,58.31469724141305
1,warm,17,-4.72791407727934,-0.7219465804858997,5,57.89390990474616,57.89390990474616
1,warm,17,-4.72791407727934,-0.7219465804858997,6,59.550064213182694,59.550064213182694
1,warm,17,-4.72791407727934,-0.7219465804858997,7,65.85188697345146,65.85188697345146
1,warm,17,-4.72791407727934,-0.7219465804858997,8,68.25359103933272,68.25359103933272
1,warm,18,-10.67823705986845,0.3508921676873554,1,37.90181139602672,37.90181139602672
1,warm,18,-10.67823705986845,0.3508921676873554,2,47.32720047690782,47.32720047690782
1,warm,18,-10.67823705986845,0.3508921676873554,3,51.74513039027099,51.74513039027099
1,warm,18,-10.67823705986845,0.3508921676873554,4,55.649510801826494,55.649510801826494
1,warm,18,-10.67823705986845,0.3508921676873554,5,55.91117265076028,55.91117265076028
1,warm,18,-10.67823705986845,0.3508921676873554,6,64.45551578116357,64.45551578116357
1,warm,18,-10.67823705986845,0.3508921676873554,7,71.11371852482075,71.11371852482075
1,warm,18,-10.67823705986845,0.3508921676873554,8,72.29760949116982,72.29760949116982
1,warm,19,-2.1797491465829504,-0.13109874470123403,1,47.882386697592786,47.882386697592786
1,warm,19,-2.1797491465829504,-0.13109874470123403,2,53.45111695493887,53.45111695493887
1,warm,19,-2.1797491465829504,-0.13109874470123403,3,59.26526547797417,59.26526547797417
1,warm,19,-2.1797491465829504,-0.13109874470123403,4,59.75471898065731,59.75471898065731
1,warm,19,-2.1797491465829504,-0.13109874470123403,5,58.69181812486505,58.69181812486505
1,warm,19,-2.1797491465829504,-0.13109874470123403,6,71.28641084529428,71.28641084529428
1,warm,19,-2.1797491465829504,-0.13109874470123403,7,69.61412680563487,69.61412680563487
1,warm,19,-2.1797491465829504,-0.13109874470123403,8,73.85078008350233,73.85078008350233
1,warm,20,-10.260044483072397,-0.7860720795727439,1,47.06558526436846,47.06558526436846
1,warm,20,-10.260044483072397,-0.7860720795727439,2,43.0453765689659,43.0453765689659
1,warm,20,-10.260044483072397,-0.7860720795727439,3,50.71893389877726,50.71893389877726
1,warm,20,-10.260044483072397,-0.7860720795727439,4,47.2136185621803,47.2136185621803
1,warm,20,-10.260044483072397,-0.7860720795727439,5,52.745967909841944,52.745967909841944
1,warm,20,-10.260044483072397,-0.7860720795727439,6,56.402854982081706,56.402854982081706
1,warm,20,-10.260044483072397,-0.7860720795727439,7,55.93149668664532,55.93149668664532
1,warm,20,-10.260044483072397,-0.7860720795727439,8,60.347134085618926,60.347134085618926
2,warm,21,-7.2889122929114,-0.7573338268908757,1,45.46722922141278,45.46722922141278
2,warm,21,-7.2889122929114,-0.7573338268908757,2,50.40850795950865,50.40850795950865
2,warm,21,-7.2889122929114,-0.7573338268908757,3,46.28744659614065,46.28744659614065
2,warm,21,-7.2889122929114,-0.7573338268908757,4,53.0324896818913,53.0324896818913
2,warm,21,-7.2889122929114,-0.7573338268908757,5,59.19363788827067,59.19363788827067
2,warm,21,-7.2889122929114,-0.7573338268908757,6,58.15065726581057,58.15065726581057
2,warm,21,-7.2889122929114,-0.7573338268908757,7,63.29162668387129,63.29162668387129
2,warm,21,-7.2889122929114,-0.7573338268908757,8,66.9291028021549,66.9291028021549
2,warm,22,-6.2503926784925685,-0.8007680867872967,1,47.352344280715194,47.352344280715194
2,warm,22,-6.2503926784925685,-0.8007680867872967,2,51.30784418634698,51.30784418634698
2,warm,22,-6.2503926784925685,-0.8007680867872967,3,51.77917707821341,51.77917707821341
2,warm,22,-6.2503926784925685,-0.8007680867872967,4,53.705505433581884,53.705505433581884
2,warm,22,-6.2503926784925685,-0.8007680867872967,5,49.81632003148401,49.81632003148401
2,warm,22,-6.2503926784925685,-0.8007680867872967,6,60.26617574534524,60.26617574534524
2,warm,22,-6.2503926784925685,-0.8007680867872967,7,64.63508480307631,64.63508480307631
2,warm,22,-6.2503926784925685,-0.8007680867872967,8,67.74965914981351,67.74965914981351
2,warm,23,-16.866933107424135,-0.2654532610851515,1,34.80177857755096,34.80177857755096
2,warm,23,-16.866933107424135,-0.2654532610851515,2,45.140669099731014,45.140669099731014
2,warm,23,-16.866933107424135,-0.2654532610851515,3,43.99598036820689,43.99598036820689
2,warm,23,-16.866933107424135,-0.2654532610851515,4,46.85020142361192,46.85020142361192
2,warm,23,-16.866933107424135,-0.2654532610851515,5,53.622600925555666,53.622600925555666
2,warm,23,-16.866933107424135,-0.2654532610851515,6,50.984948662107186,50.984948662107186
2,warm,23,-16.866933107424135,-0.2654532610851515,7,55.12387819320568,55.12387819320568
2,warm,23,-16.866933107424135,-0.2654532610851515,8,67.00179824404394,67.00179824404394
2,warm,24,8.377870444945247,-0.7308777924979499,1,61.28038021410996,61.28038021410996
2,warm,24,8.377870444945247,-0.7308777924979499,2,69.01682012417427,69.01682012417427
2,warm,24,8.377870444945247,-0.7308777924979499,3,62.669717132707824,62.669717132707824
2,warm,24,8.377870444945247,-0.7308777924979499,4,69.28280886882474,69.28280886882474
2,warm,24,8.377870444945247,-0.7308777924979499,5,73.858753193366,73.858753193366
2,warm,24,8.377870444945247,-0.7308777924979499,6,76.49271932557494,76.49271932557494
2,warm,24,8.377870444945247,-0.7308777924979499,7,75.44481711892709,75.44481711892709
2,warm,24,8.377870444945247,-0.7308777924979499,8,81.38862592883775,81.38862592883775
2,warm,25,1.5337311783651522,0.34395838648791377,1,52.24542760551712,52.24542760551712
2,warm,25,1.5337311783651522,0.34395838648791377,2,61.559757927073825,61.559757927073825
2,warm,25,1.5337311783651522,0.34395838648791377,3,66.61993160741083,66.61993160741083
2,warm,25,1.5337311783651522,0.34395838648791377,4,60.63460163485456,60.63460163485456
2,warm,25,1.5337311783651522,0.34395838648791377,5,74.96060349770514,74.96060349770514
2,warm,25,1.5337311783651522,0.34395838648791377,6,71.47434800686717,71.47434800686717
2,warm,25,1.5337311783651522,0.34395838648791377,7,80.50574769072844,80.50574769072844
2,warm,25,1.5337311783651522,0.34395838648791377,8,85.06510618469629,85.06510618469629
2,warm,26,-11.381369370119476,1.0500544702628358,1,42.669015615839065,42.669015615839065
2,warm,26,-11.381369370119476,1.0500544702628358,2,45.983397699826824,45.983397699826824
2,warm,26,-11.381369370119476,1.0500544702628358,3,53.064757104395184,53.064757104395184
2,warm,26,-11.381369370119476,1.0500544702628358,4,58.53530461307523,58.53530461307523
2,warm,26,-11.381369370119476,1.0500544702628358,5,64.51881144104082,64.51881144104082
2,warm,26,-11.381369370119476,1.0500544702628358,6,60.36194649975168,60.36194649975168
2,warm,26,-11.381369370119476,1.0500544702628358,7,66.2598741175433,66.2598741175433
2,warm,26,-11.381369370119476,1.0500544702628358,8,80.11027341554777,80.11027341554777
2,warm,27,12.538149210699267,-0.6435152380175896,1,68.63452051401632,68.63452051401632
2,warm,27,12.538149210699267,-0.6435152380175896,2,69.75698558138713,69.75698558138713
2,warm,27,12.538149210699267,-0.6435152380175896,3,73.55313871797968,73.55313871797968
2,warm,27,12.538149210699267,-0.6435152380175896,4,77.11561301155191,77.11561301155191
2,warm,27,12.538149210699267,-0.6435152380175896,5,69.33780462521426,69.33780462521426
2,warm,27,12.538149210699267,-0.6435152380175896,6,83.60788907251019,83.60788907251019
2,warm,27,12.538149210699267,-0.6435152380175896,7,81.77857975488917,81.77857975488917
2,warm,27,12.538149210699267,-0.6435152380175896,8,86.88187779845215,86.88187779845215
2,warm,28,4.264642214768136,0.39386942373758893,1,57.373038235855,57.373038235855
2,warm,28,4.264642214768136,0.39386942373758893,2,64.86827592447955,64.86827592447955
2,warm,28,4.264642214768136,0.39386942373758893,3,65.20083313911408,65.20083313911408
2,warm,28,4.264642214768136,0.39386942373758893,4,71.79563120738322,71.79563120738322
2,warm,28,4.264642214768136,0.39386942373758893,5,73.06193439753916,73.06193439753916
2,warm,28,4.264642214768136,0.39386942373758893,6,74.94949712988915,74.94949712988915
2,warm,28,4.264642214768136,0.39386942373758893,7,85.85175971225205,85.85175971225205
2,warm,28,4.264642214768136,0.39386942373758893,8,88.43829763849168,88.43829763849168
2,warm,29,-2.950714829922712,0.384521120500455,1,56.2065930080471,56.2065930080471
2,warm,29,-2.950714829922712,0.384521120500455,2,55.21378920881612,55.21378920881612
2,warm,29,-2.950714829922712,0.384521120500455,3,62.37785676906318,62.37785676906318
2,warm,29,-2.950714829922712,0.384521120500455,4,68.91362681413635,68.91362681413635
2,warm,29,-2.950714829922712,0.384521120500455,5,66.12744442746268,66.12744442746268
2,warm,29,-2.950714829922712,0.384521120500455,6,66.98755855481437,66.98755855481437
2,warm,29,-2.950714829922712,0.384521120500455,7,74.22287831216613,74.22287831216613
2,warm,29,-2.950714829922712,0.384521120500455,8,78.28333041412479,78.28333041412479
2,warm,30,8.951256610450224,0.16610128947505884,1,63.17239941345324,63.17239941345324
2,warm,30,8.951256610450224,0.16610128947505884,2,71.62037412135818,71.62037412135818
2,warm,30,8.951256610450224,0.16610128947505884,3,69.27112880135937,69.27112880135937
2,warm,30,8.951256610450224,0.16610128947505884,4,75.1346757357652,75.1346757357652
2,warm,30,8.951256610450224,0.16610128947505884,5,77.09871086313893,77.09871086313893
2,warm,30,8.951256610450224,0.16610128947505884,6,81.60921647287567,81.60921647287567
2,warm,30,8.951256610450224,0.16610128947505884,7,86.25613862729442,86.25613862729442
2,warm,30,8.951256610450224,0.16610128947505884,8,93.06471101436165,93.06471101436165
2,warm,31,8.781334875330423,-0.5041883041385039,1,62.241101703664256,62.241101703664256
2,warm,31,8.781334875330423,-0.5041883041385039,2,67.11148522714676,67.11148522714676
2,warm,31,8.781334875330423,-0.5041883041385039,3,70.40535005226552,70.40535005226552
2,warm,31,8.781334875330423,-0.5041883041385039,4,73.9089014713433,73.9089014713433
2,warm,31,8.781334875330423,-0.5041883041385039,5,72.53720969808477,72.53720969808477
2,warm,31,8.781334875330423,-0.5041883041385039,6,82.23684869308343,82.23684869308343
2,warm,31,8.781334875330423,-0.5041883041385039,7,79.30914652847886,79.30914652847886
2,warm,31,8.781334875330423,-0.5041883041385039,8,83.23047593927313,83.23047593927313
2,warm,32,8.215810816374873,-0.05972630331532933,1,65.96823531620205,65.96823531620205
2,warm,32,8.215810816374873,-0.05972630331532933,2,69.17860992818095,69.17860992818095
2,warm,32,8.215810816374873,-0.05972630331532933,3,65.56665628919517,65.56665628919517
2,warm,32,8.215810816374873,-0.05972630331532933,4,69.75769260186117,69.75769260186117
2,warm,32,8.215810816374873,-0.05972630331532933,5,71.84294212168638,71.84294212168638
2,warm,32,8.215810816374873,-0.05972630331532933,6,80.00299457434238,80.00299457434238
2,warm,32,8.215810816374873,-0.05972630331532933,7,83.49224929692296,83.49224929692296
2,warm,32,8.215810816374873,-0.05972630331532933,8,87.63034445191742,87.63034445191742
2,warm,33,6.88640254100091,-0.14019766758512334,1,62.002678016071464,62.002678016071464
2,warm,33,6.88640254100091,-0.14019766758512334,2,62.000328667875614,62.000328667875614
2,warm,33,6.88640254100091,-0.14019766758512334,3,64.2847137649494,64.2847137649494
2,warm,33,6.88640254100091,-0.14019766758512334,4,73.80596703888513,73.80596703888513
2,warm,33,6.88640254100091,-0.14019766758512334,5,76.43859811089425,76.43859811089425
2,warm,33,6.88640254100091,-0.14019766758512334,6,73.11771692350408,73.11771692350408
2,warm,33,6.88640254100091,-0.14019766758512334,7,80.81957651535718,80.81957651535718
2,warm,33,6.88640254100091,-0.14019766758512334,8,81.87697773205043,81.87697773205043
2,warm,34,5.539176535375888,0.2814947666102399,1,53.20841809036023,53.20841809036023
2,warm,34,5.539176535375888,0.2814947666102399,2,63.7525264621608,63.7525264621608
2,warm,34,5.539176535375888,0.2814947666102399,3,66.94602570743085,66.94602570743085
2,warm,34,5.539176535375888,0.2814947666102399,4,70.7730477992776,70.7730477992776
2,warm,34,5.539176535375888,0.2814947666102399,5,75.59510799383078,75.59510799383078
2,warm,34,5.539176535375888,0.2814947666102399,6,81.4755406282271,81.4755406282271
2,warm,34,5.539176535375888,0.2814947666102399,7,83.32643241509773,83.32643241509773
2,warm,34,5.539176535375888,0.2814947666102399,8,84.74182713963722,84.74182713963722
2,warm,35,-0.6191171057672168,-0.18621937805191457,1,50.590265760417026,50.590265760417026
2,warm,35,-0.6191171057672168,-0.18621937805191457,2,55.81303575900541,55.81303575900541
2,warm,35,-0.6191171057672168,-0.18621937805191457,3,60.55227571981389,60.55227571981389
2,warm,35,-0.6191171057672168,-0.18621937805191457,4,59.916964323919,59.916964323919
2,warm,35,-0.6191171057672168,-0.18621937805191457,5,65.89685939744606,65.89685939744606
2,warm,35,-0.6191171057672168,-0.18621937805191457,6,72.76536840642505,72.76536840642505
2,warm,35,-0.6191171057672168,-0.18621937805191457,7,72.95250697416593,72.95250697416593
2,warm,35,-0.6191171057672168,-0.18621937805191457,8,74.59586586703429,74.59586586703429
2,warm,36,-3.059626637399168,0.48848669334281036,1,50.20102455066702,50.20102455066702
2,warm,36,-3.059626637399168,0.48848669334281036,2,58.461292385372396,58.461292385372396
2,warm,36,-3.059626637399168,0.48848669334281036,3,60.85596532627167,60.85596532627167
2,warm,36,-3.059626637399168,0.48848669334281036,4,67.00434753621688,67.00434753621688
2,warm,36,-3.059626637399168,0.48848669334281036,5,67.8001004008002,67.8001004008002
2,warm,36,-3.059626637399168,0.48848669334281036,6,72.70211881212896,72.70211881212896
2,warm,36,-3.059626637399168,0.48848669334281036,7,73.8844094789561,73.8844094789561
2,warm,36,-3.059626637399168,0.48848669334281036,8,81.46437891613432,81.46437891613432
2,warm,37,-3.8047100101238263,-0.18729042888350692,1,48.08899893442495,48.08899893442495
2,warm,37,-3.8047100101238263,-0.18729042888350692,2,48.75901261802193,48.75901261802193
2,warm,37,-3.8047100101238263,-0.18729042888350692,3,56.81739760027803,56.81739760027803
2,warm,37,-3.8047100101238263,-0.18729042888350692,4,65.68368192753645,65.68368192753645
2,warm,37,-3.8047100101238263,-0.18729042888350692,5,65.66158086417782,65.66158086417782
2,warm,37,-3.8047100101238263,-0.18729042888350692,6,70.16730758641391,70.16730758641391
2,warm,37,-3.8047100101238263,-0.18729042888350692,7,71.16082415697109,71.16082415697109
2,warm,37,-3.8047100101238263,-0.18729042888350692,8,71.67129502385944,71.67129502385944
2,warm,38,-6.947069789205127,0.526355732789666,1,46.57256337825369,46.57256337825369
2,warm,38,-6.947069789205127,0.526355732789666,2,50.485897355938434,50.485897355938434
2,warm,38,-6.947069789205127,0.526355732789666,3,54.0258980698176,54.0258980698176
2,warm,38,-6.947069789205127,0.526355732789666,4,61.67085499374268,61.67085499374268
2,warm,38,-6.947069789205127,0.526355732789666,5,60.09261836764696,60.09261836764696
2,warm,38,-6.947069789205127,0.526355732789666,6,70.41016300387118,70.41016300387118
2,warm,38,-6.947069789205127,0.526355732789666,7,74.52987779900022,74.52987779900022
2,warm,38,-6.947069789205127,0.526355732789666,8,72.46790899590594,72.46790899590594
2,warm,39,-2.0791727801959876,-0.524588503333033,1,52.914714710172575,52.914714710172575
2,warm,39,-2.0791727801959876,-0.524588503333033,2,61.362330170171475,61.362330170171475
2,warm,39,-2.0791727801959876,-0.524588503333033,3,55.47541526398008,55.47541526398008
2,warm,39,-2.0791727801959876,-0.524588503333033,4,62.75718593069609,62.75718593069609
2,warm,39,-2.0791727801959876,-0.524588503333033,5,60.951279166280635,60.951279166280635
2,warm,39,-2.0791727801959876,-0.524588503333033,6,69.70543045441421,69.70543045441421
2,warm,39,-2.0791727801959876,-0.524588503333033,7,70.19818185625246,70.19818185625246
2,warm,39,-2.0791727801959876,-0.524588503333033,8,77.47986536800923,77.47986536800923
2,warm,40,-12.653963515682644,-0.6300776223790561,1,35.93904667632755,35.93904667632755
2,warm,40,-12.653963515682644,-0.6300776223790561,2,43.13198758118316,43.13198758118316
2,warm,40,-12.653963515682644,-0.6300776223790561,3,44.675028088803394,44.675028088803394
2,warm,40,-12.653963515682644,-0.6300776223790561,4,48.633931387572225,48.633931387572225
2,warm,40,-12.653963515682644,-0.6300776223790561,5,50.306912144364055,50.306912144364055
2,warm,40,-12.653963515682644,-0.6300776223790561,6,52.664040008438015,52.664040008438015
2,warm,40,-12.653963515682644,-0.6300776223790561,7,59.87166025151331,59.87166025151331
2,warm,40,-12.653963515682644,-0.6300776223790561,8,57.842673363054125,57.842673363054125
3,warm,41,21.689559653385125,1.6205199674712023,1,81.36217241552515,81.36217241552515
3,warm,41,21.689559653385125,1.6205199674712023,2,78.57197983238628,78.57197983238628
3,warm,41,21.689559653385125,1.6205199674712023,3,87.65435700998455,87.65435700998455
3,warm,41,21.689559653385125,1.6205199674712023,4,94.17060738374938,94.17060738374938
3,warm,41,21.689559653385125,1.6205199674712023,5,99.55236550801901,99.55236550801901
3,warm,41,21.689559653385125,1.6205199674712023,6,102.10743946661317,102.10743946661317
3,warm,41,21.689559653385125,1.6205199674712023,7,108.47170541166874,108.47170541166874
3,warm,41,21.689559653385125,1.6205199674712023,8,116.33751184858376,116.33751184858376
3,warm,42,12.079619983049906,-0.20842879408021592,1,61.101793437740405,61.101793437740405
3,warm,42,12.079619983049906,-0.20842879408021592,2,66.51754326029324,66.51754326029324
3,warm,42,12.079619983049906,-0.20842879408021592,3,73.21554054375909,73.21554054375909
3,warm,42,12.079619983049906,-0.20842879408021592,4,74.31155887171808,74.31155887171808
3,warm,42,12.079619983049906,-0.20842879408021592,5,83.14748799456183,83.14748799456183
3,warm,42,12.079619983049906,-0.20842879408021592,6,84.44880880863313,84.44880880863313
3,warm,42,12.079619983049906,-0.20842879408021592,7,86.03711868173266,86.03711868173266
3,warm,42,12.079619983049906,-0.20842879408021592,8,84.68891767779813,84.68891767779813
3,warm,43,-11.231085832033497,0.1491137957703577,1,42.59632863971558,42.59632863971558
3,warm,43,-11.231085832033497,0.1491137957703577,2,45.31789415491624,45.31789415491624
3,warm,43,-11.231085832033497,0.1491137957703577,3,49.70921601471577,49.70921601471577
3,warm,43,-11.231085832033497,0.1491137957703577,4,50.22069166988087,50.22069166988087
3,warm,43,-11.231085832033497,0.1491137957703577,5,59.01045727830806,59.01045727830806
3,warm,43,-11.231085832033497,0.1491137957703577,6,58.14672762166755,58.14672762166755
3,warm,43,-11.231085832033497,0.1491137957703577,7,64.33404479403177,64.33404479403177
3,warm,43,-11.231085832033497,0.1491137957703577,8,69.90610202248342,69.90610202248342
3,warm,44,-4.02884835299076,0.3182848370169243,1,47.53888911698702,47.53888911698702
3,warm,44,-4.02884835299076,0.3182848370169243,2,55.55669553808328,55.55669553808328
3,warm,44,-4.02884835299076,0.3182848370169243,3,53.77647495310493,53.77647495310493
3,warm,44,-4.02884835299076,0.3182848370169243,4,53.214966958195305,53.214966958195305
3,warm,44,-4.02884835299076,0.3182848370169243,5,66.95747980445141,66.95747980445141
3,warm,44,-4.02884835299076,0.3182848370169243,6,72.00248014999379,72.00248014999379
3,warm,44,-4.02884835299076,0.3182848370169243,7,72.54160923535356,72.54160923535356
3,warm,44,-4.02884835299076,0.3182848370169243,8,78.82980910691944,78.82980910691944
3,warm,45,-4.666553536232188,-0.24189031285437174,1,45.22380657566243,45.22380657566243
3,warm,45,-4.666553536232188,-0.24189031285437174,2,51.66822001758209,51.66822001758209
3,warm,45,-4.666553536232188,-0.24189031285437174,3,49.58322039708285,49.58322039708285
3,warm,45,-4.666553536232188,-0.24189031285437174,4,62.309427886665894,62.309427886665894
3,warm,45,-4.666553536232188,-0.24189031285437174,5,67.70372748412544,67.70372748412544
3,warm,45,-4.666553536232188,-0.24189031285437174,6,68.70414136748755,68.70414136748755
3,warm,45,-4.666553536232188,-0.24189031285437174,7,68.75817337454599,68.75817337454599
3,warm,45,-4.666553536232188,-0.24189031285437174,8,72.09833293410509,72.09833293410509
3,warm,46,7.799651183363179,0.2584310221568046,1,57.10987933606669,57.10987933606669
3,warm,46,7.799651183363179,0.2584310221568046,2,67.88766925934148,67.88766925934148
3,warm,46,7.799651183363179,0.2584310221568046,3,68.74274170775826,68.74274170775826
3,warm,46,7.799651183363179,0.2584310221568046,4,71.26314649590718,71.26314649590718
3,warm,46,7.799651183363179,0.2584310221568046,5,72.85572891617228,72.85572891617228
3,warm,46,7.799651183363179,0.2584310221568046,6,80.05094982636518,80.05094982636518
3,warm,46,7.799651183363179,0.2584310221568046,7,82.2614849334107,82.2614849334107
3,warm,46,7.799651183363179,0.2584310221568046,8,87.4760077996341,87.4760077996341
3,warm,47,-0.8336906647182925,0.18448226369254303,1,49.29799163568346,49.29799163568346
3,warm,47,-0.8336906647182925,0.18448226369254303,2,61.79804231150389,61.79804231150389
3,warm,47,-0.8336906647182925,0.18448226369254303,3,60.471748544735426,60.471748544735426
3,warm,47,-0.8336906647182925,0.18448226369254303,4,67.52907362186903,67.52907362186903
3,warm,47,-0.8336906647182925,0.18448226369254303,5,60.283621642971475,60.283621642971475
3,warm,47,-0.8336906647182925,0.18448226369254303,6,70.51360942745244,70.51360942745244
3,warm,47,-0.8336906647182925,0.18448226369254303,7,73.6312383063533,73.6312383063533
3,warm,47,-0.8336906647182925,0.18448226369254303,8,75.7733889067243,75.7733889067243
3,warm,48,2.5331851399475487,-0.10769025382084674,1,60.66532234879899,60.66532234879899
3,warm,48,2.5331851399475487,-0.10769025382084674,2,55.27195887299739,55.27195887299739
3,warm,48,2.5331851399475487,-0.10769025382084674,3,63.96528515970908,63.96528515970908
3,warm,48,2.5331851399475487,-0.10769025382084674,4,69.04173298140326,69.04173298140326
3,warm,48,2.5331851399475487,-0.10769025382084674,5,70.52930443609739,70.52930443609739
3,warm,48,2.5331851399475487,-0.10769025382084674,6,70.86127718453594,70.86127718453594
3,warm,48,2.5331851399475487,-0.10769025382084674,7,79.80285078337413,79.80285078337413
3,warm,48,2.5331851399475487,-0.10769025382084674,8,80.98342735490328,80.98342735490328
3,warm,49,-0.2854675534870303,0.03264651676265763,1,50.156685244129505,50.156685244129505
3,warm,49,-0.2854675534870303,0.03264651676265763,2,52.8156783372321,52.8156783372321
3,warm,49,-0.2854675534870303,0.03264651676265763,3,66.87262430028039,66.87262430028039
3,warm,49,-0.2854675534870303,0.03264651676265763,4,62.209609077308286,62.209609077308286
3,warm,49,-0.2854675534870303,0.03264651676265763,5,62.311050068572136,62.311050068572136
3,warm,49,-0.2854675534870303,0.03264651676265763,6,73.11018963534988,73.11018963534988
3,warm,49,-0.2854675534870303,0.03264651676265763,7,76.07374883203425,76.07374883203425
3,warm,49,-0.2854675534870303,0.03264651676265763,8,74.71420157344643,74.71420157344643
3,warm,50,-0.42870457291316066,-0.017033626869232,1,47.32539255947175,47.32539255947175
3,warm,50,-0.42870457291316066,-0.017033626869232,2,56.38832062187256,56.38832062187256
3,warm,50,-0.42870457291316066,-0.017033626869232,3,63.7383834216074,63.7383834216074
3,warm,50,-0.42870457291316066,-0.017033626869232,4,65.81153302515635,65.81153302515635
3,warm,50,-0.42870457291316066,-0.017033626869232,5,66.00731502025474,66.00731502025474
3,warm,50,-0.42870457291316066,-0.017033626869232,6,68.56652897111832,68.56652897111832
3,warm,50,-0.42870457291316066,-0.017033626869232,7,75.46526030925386,75.46526030925386
3,warm,50,-0.42870457291316066,-0.017033626869232,8,78.70708645378146,78.70708645378146
3,warm,51,13.686022840144577,1.0642259495080906,1,70.23938402973084,70.23938402973084
3,warm,51,13.686022840144577,1.0642259495080906,2,71.82708088829408,71.82708088829408
3,warm,51,13.686022840144577,1.0642259495080906,3,80.37676284827813,80.37676284827813
3,warm,51,13.686022840144577,1.0642259495080906,4,79.8504920561682,79.8504920561682
3,warm,51,13.686022840144577,1.0642259495080906,5,86.01551848732514,86.01551848732514
3,warm,51,13.686022840144577,1.0642259495080906,6,93.89382210837081,93.89382210837081
3,warm,51,13.686022840144577,1.0642259495080906,7,99.30551931258255,99.30551931258255
3,warm,51,13.686022840144577,1.0642259495080906,8,95.18431633184916,95.18431633184916
3,warm,52,-2.257709856592676,-0.3706680481364142,1,51.29319331631937,51.29319331631937
3,warm,52,-2.257709856592676,-0.3706680481364142,2,56.027291082338394,56.027291082338394
3,warm,52,-2.257709856592676,-0.3706680481364142,3,53.077813058526196,53.077813058526196
3,warm,52,-2.257709856592676,-0.3706680481364142,4,62.10149475048732,62.10149475048732
3,warm,52,-2.257709856592676,-0.3706680481364142,5,61.40442709153487,61.40442709153487
3,warm,52,-2.257709856592676,-0.3706680481364142,6,70.17904089108212,70.17904089108212
3,warm,52,-2.257709856592676,-0.3706680481364142,7,71.96305990276034,71.96305990276034
3,warm,52,-2.257709856592676,-0.3706680481364142,8,75.88410264330284,75.88410264330284
3,warm,53,15.164706044295396,-0.547998133537332,1,68.57886589861916,68.57886589861916
3,warm,53,15.164706044295396,-0.547998133537332,2,73.859655079694,73.859655079694
3,warm,53,15.164706044295396,-0.547998133537332,3,78.46225522862701,78.46225522862701
3,warm,53,15.164706044295396,-0.547998133537332,4,83.27145755651298,83.27145755651298
3,warm,53,15.164706044295396,-0.547998133537332,5,80.33953021236155,80.33953021236155
3,warm,53,15.164706044295396,-0.547998133537332,6,76.72956397207419,76.72956397207419
3,warm,53,15.164706044295396,-0.547998133537332,7,86.62329712331605,86.62329712331605
3,warm,53,15.164706044295396,-0.547998133537332,8,90.19740460134666,90.19740460134666
3,warm,54,-15.487528042302213,0.018894199585539402,1,37.665330115850125,37.665330115850125
3,warm,54,-15.487528042302213,0.018894199585539402,2,43.45512621920009,43.45512621920009
3,warm,54,-15.487528042302213,0.018894199585539402,3,48.40118844999719,48.40118844999719
3,warm,54,-15.487528042302213,0.018894199585539402,4,47.43410146553647,47.43410146553647
3,warm,54,-15.487528042302213,0.018894199585539402,5,51.72465697415715,51.72465697415715
3,warm,54,-15.487528042302213,0.018894199585539402,6,57.41936378161204,57.41936378161204
3,warm,54,-15.487528042302213,0.018894199585539402,7,58.19406013032915,58.19406013032915
3,warm,54,-15.487528042302213,0.018894199585539402,8,63.7374277048468,63.7374277048468
3,warm,55,5.84613749636069,0.15524037472156849,1,53.71625507442636,53.71625507442636
3,warm,55,5.84613749636069,0.15524037472156849,2,59.996919081610955,59.996919081610955
3,warm,55,5.84613749636069,0.15524037472156849,3,63.12859219371302,63.12859219371302
3,warm,55,5.84613749636069,0.15524037472156849,4,68.30622790506524,68.30622790506524
3,warm,55,5.84613749636069,0.15524037472156849,5,72.54242578617654,72.54242578617654
3,warm,55,5.84613749636069,0.15524037472156849,6,79.52449517232922,79.52449517232922
3,warm,55,5.84613749636069,0.15524037472156849,7,85.07915912697959,85.07915912697959
3,warm,55,5.84613749636069,0.15524037472156849,8,83.70590990687063,83.70590990687063
3,warm,56,1.2385424384461379,0.2182617394550915,1,52.06628723076722,52.06628723076722
3,warm,56,1.2385424384461379,0.2182617394550915,2,55.749999340387795,55.749999340387795
3,warm,56,1.2385424384461379,0.2182617394550915,3,61.4495614777204,61.4495614777204
3,warm,56,1.2385424384461379,0.2182617394550915,4,65.7945021918088,65.7945021918088
3,warm,56,1.2385424384461379,0.2182617394550915,5,71.7807037372364,71.7807037372364
3,warm,56,1.2385424384461379,0.2182617394550915,6,73.18413834867152,73.18413834867152
3,warm,56,1.2385424384461379,0.2182617394550915,7,71.7309068080517,71.7309068080517
3,warm,56,1.2385424384461379,0.2182617394550915,8,81.51033352743646,81.51033352743646
3,warm,57,2.1594156874397266,-0.22918266635555284,1,59.09179345303884,59.09179345303884
3,warm,57,2.1594156874397266,-0.22918266635555284,2,62.4758541602596,62.4758541602596
3,warm,57,2.1594156874397266,-0.22918266635555284,3,59.90497803403938,59.90497803403938
3,warm,57,2.1594156874397266,-0.22918266635555284,4,60.99935539110481,60.99935539110481
3,warm,57,2.1594156874397266,-0.22918266635555284,5,76.38768383125777,76.38768383125777
3,warm,57,2.1594156874397266,-0.22918266635555284,6,71.89705386186814,71.89705386186814
3,warm,57,2.1594156874397266,-0.22918266635555284,7,75.462783272634,75.462783272634
3,warm,57,2.1594156874397266,-0.22918266635555284,8,80.38767692268974,80.38767692268974
3,warm,58,3.796394827598821,-0.5316630669855955,1,52.022613390755865,52.022613390755865
3,warm,58,3.796394827598821,-0.5316630669855955,2,57.74841136005377,57.74841136005377
3,warm,58,3.796394827598821,-0.5316630669855955,3,58.380078410772,58.380078410772
3,warm,58,3.796394827598821,-0.5316630669855955,4,63.99045871762466,63.99045871762466
3,warm,58,3.796394827598821,-0.5316630669855955,5,69.49462779168452,69.49462779168452
3,warm,58,3.796394827598821,-0.5316630669855955,6,68.11228805172449,68.11228805172449
3,warm,58,3.796394827598821,-0.5316630669855955,7,77.0447013968016,77.0447013968016
3,warm,58,3.796394827598821,-0.5316630669855955,8,79.21112237816605,79.21112237816605
3,warm,59,-5.023234531093022,0.631592588044745,1,46.495712980089806,46.495712980089806
3,warm,59,-5.023234531093022,0.631592588044745,2,54.118925472139665,54.118925472139665
3,warm,59,-5.023234531093022,0.631592588044745,3,59.91578672052274,59.91578672052274
3,warm,59,-5.023234531093022,0.631592588044745,4,65.08642158087117,65.08642158087117
3,warm,59,-5.023234531093022,0.631592588044745,5,65.49618357319112,65.49618357319112
3,warm,59,-5.023234531093022,0.631592588044745,6,70.08541061544231,70.08541061544231
3,warm,59,-5.023234531093022,0.631592588044745,7,74.33777118027442,74.33777118027442
3,warm,59,-5.023234531093022,0.631592588044745,8,83.15389144143006,83.15389144143006
3,warm,60,-3.332073836694201,-0.17482519397677737,1,53.468316646163004,53.468316646163004
3,warm,60,-3.332073836694201,-0.17482519397677737,2,56.02148047862337,56.02148047862337
3,warm,60,-3.332073836694201,-0.17482519397677737,3,56.0814281818534,56.0814281818534
3,warm,60,-3.332073836694201,-0.17482519397677737,4,61.4883496898979,61.4883496898979
3,warm,60,-3.332073836694201,-0.17482519397677737,5,65.003671187084,65.003671187084
3,warm,60,-3.332073836694201,-0.17482519397677737,6,64.09395511657718,64.09395511657718
3,warm,60,-3.332073836694201,-0.17482519397677737,7,65.45923625950613,65.45923625950613
3,warm,60,-3.332073836694201,-0.17482519397677737,8,75.99481469444643,75.99481469444643
4,medium,61,-10.185753831070885,-0.4327564313266871,1,37.793558144061166,37.793558144061166
4,medium,61,-10.185753831070885,-0.4327564313266871,2,44.95378437172837,44.95378437172837
4,medium,61,-10.185753831070885,-0.4327564313266871,3,48.26672033899405,48.26672033899405
4,medium,61,-10.185753831070885,-0.4327564313266871,4,51.774822614540014,51.774822614540014
4,medium,61,-10.185753831070885,-0.4327564313266871,5,53.21874272484011,53.21874272484011
4,medium,61,-10.185753831070885,-0.4327564313266871,6,53.01914616207762,53.01914616207762
4,medium,61,-10.185753831070885,-0.4327564313266871,7,60.744048729328696,60.744048729328696
4,medium,61,-10.185753831070885,-0.4327564313266871,8,65.56809601903436,65.56809601903436
4,medium,62,-10.717912264755773,-0.11813978447054829,1,44.807484377550004,44.807484377550004
4,medium,62,-10.717912264755773,-0.11813978447054829,2,39.21485546233121,39.21485546233121
4,medium,62,-10.717912264755773,-0.11813978447054829,3,52.12639693804141,52.12639693804141
4,medium,62,-10.717912264755773,-0.11813978447054829,4,50.64136075880323,50.64136075880323
4,medium,62,-10.717912264755773,-0.11813978447054829,5,55.26613165084935,55.26613165084935
4,medium,62,-10.717912264755773,-0.11813978447054829,6,58.43934873603411,58.43934873603411
4,medium,62,-10.717912264755773,-0.11813978447054829,7,59.165051024330275,59.165051024330275
4,medium,62,-10.717912264755773,-0.11813978447054829,8,62.11117986653366,62.11117986653366
4,medium,63,3.03528641404258,-0.0985879471742761,1,58.994169674861006,58.994169674861006
4,medium,63,3.03528641404258,-0.0985879471742761,2,60.972916287152756,60.972916287152756
4,medium,63,3.03528641404258,-0.0985879471742761,3,64.71030931065245,64.71030931065245
4,medium,63,3.03528641404258,-0.0985879471742761,4,71.78971471103647,71.78971471103647
4,medium,63,3.03528641404258,-0.0985879471742761,5,69.53559426925348,69.53559426925348
4,medium,63,3.03528641404258,-0.0985879471742761,6,71.06590220315286,71.06590220315286
4,medium,63,3.03528641404258,-0.0985879471742761,7,66.7132714520958,66.7132714520958
4,medium,63,3.03528641404258,-0.0985879471742761,8,84.32172484638672,84.32172484638672
4,medium,64,4.482097786294262,0.5549601448568203,1,56.58902746576216,56.58902746576216
4,medium,64,4.482097786294262,0.5549601448568203,2,68.71622222129409,68.71622222129409
4,medium,64,4.482097786294262,0.5549601448568203,3,66.27090892487969,66.27090892487969
4,medium,64,4.482097786294262,0.5549601448568203,4,73.31722896241193,73.31722896241193
4,medium,64,4.482097786294262,0.5549601448568203,5,71.92776754704965,71.92776754704965
4,medium,64,4.482097786294262,0.5549601448568203,6,77.34627091952956,77.34627091952956
4,medium,64,4.482097786294262,0.5549601448568203,7,80.00869273921879,80.00869273921879
4,medium,64,4.482097786294262,0.5549601448568203,8,82.36341684702835,82.36341684702835
4,medium,65,0.5300422673050413,0.042368646098598216,1,53.211229439536154,53.211229439536154
4,medium,65,0.5300422673050413,0.042368646098598216,2,59.653282567035,59.653282567035
4,medium,65,0.5300422673050413,0.042368646098598216,3,59.052773764686336,59.052773764686336
4,medium,65,0.5300422673050413,0.042368646098598216,4,56.58646936837704,56.58646936837704
4,medium,65,0.5300422673050413,0.042368646098598216,5,65.15421775130855,65.15421775130855
4,medium,65,0.5300422673050413,0.042368646098598216,6,70.40362596050545,70.40362596050545
4,medium,65,0.5300422673050413,0.042368646098598216,7,73.67598993904956,73.67598993904956
4,medium,65,0.5300422673050413,0.042368646098598216,8,76.71869488852614,76.71869488852614
4,medium,66,9.222674678797375,0.37702689259226074,1,57.523397008782396,57.523397008782396
4,medium,66,9.222674678797375,0.37702689259226074,2,67.08295463801548,67.08295463801548
4,medium,66,9.222674678797375,0.37702689259226074,3,72.25733298641535,72.25733298641535
4,medium,66,9.222674678797375,0.37702689259226074,4,76.56051829356939,76.56051829356939
4,medium,66,9.222674678797375,0.37702689259226074,5,75.43292532862633,75.43292532862633
4,medium,66,9.222674678797375,0.37702689259226074,6,78.51915827580252,78.51915827580252
4,medium,66,9.222674678797375,0.37702689259226074,7,87.32537642257732,87.32537642257732
4,medium,66,9.222674678797375,0.37702689259226074,8,81.2351056821975,81.2351056821975
4,medium,67,20.500846856271444,-0.24964600858613042,1,71.94071091694593,71.94071091694593
4,medium,67,20.500846856271444,-0.24964600858613042,2,77.37394107717154,77.37394107717154
4,medium,67,20.500846856271444,-0.24964600858613042,3,73.89858753436937,73.89858753436937
4,medium,67,20.500846856271444,-0.24964600858613042,4,82.34114640922219,82.34114640922219
4,medium,67,20.500846856271444,-0.24964600858613042,5,89.88620887649736,89.88620887649736
4,medium,67,20.500846856271444,-0.24964600858613042,6,86.99078884444563,86.99078884444563
4,medium,67,20.500846856271444,-0.24964600858613042,7,88.91796272127777,88.91796272127777
4,medium,67,20.500846856271444,-0.24964600858613042,8,93.92841392968455,93.92841392968455
4,medium,68,-4.910311660565353,0.10722265479080063,1,47.35969448186353,47.35969448186353
4,medium,68,-4.910311660565353,0.10722265479080063,2,53.744334771253435,53.744334771253435
4,medium,68,-4.910311660565353,0.10722265479080063,3,57.12466269715613,57.12466269715613
4,medium,68,-4.910311660565353,0.10722265479080063,4,57.52665394228821,57.52665394228821
4,medium,68,-4.910311660565353,0.10722265479080063,5,57.095725140139464,57.095725140139464
4,medium,68,-4.910311660565353,0.10722265479080063,6,59.778362085802186,59.778362085802186
4,medium,68,-4.910311660565353,0.10722265479080063,7,65.0612548260043,65.0612548260043
4,medium,68,-4.910311660565353,0.10722265479080063,8,72.33961107941056,72.33961107941056
4,medium,69,-23.09168875640813,-0.16234295574541735,1,23.87135276387568,23.87135276387568
4,medium,69,-23.09168875640813,-0.16234295574541735,2,26.924649855903397,26.924649855903397
4,medium,69,-23.09168875640813,-0.16234295574541735,3,33.459942902075305,33.459942902075305
4,medium,69,-23.09168875640813,-0.16234295574541735,4,39.44212396455195,39.44212396455195
4,medium,69,-23.09168875640813,-0.16234295574541735,5,38.3558983203698,38.3558983203698
4,medium,69,-23.09168875640813,-0.16234295574541735,6,46.594500620407544,46.594500620407544
4,medium,69,-23.09168875640813,-0.16234295574541735,7,47.772020463839496,47.772020463839496
4,medium,69,-23.09168875640813,-0.16234295574541735,8,49.097648742912696,49.097648742912696
4,medium,70,10.057385244622568,0.04729176408678572,1,65.56116141830469,65.56116141830469
4,medium,70,10.057385244622568,0.04729176408678572,2,67.31706426125425,67.31706426125425
4,medium,70,10.057385244622568,0.04729176408678572,3,67.86145545524644,67.86145545524644
4,medium,70,10.057385244622568,0.04729176408678572,4,72.93989710422419,72.93989710422419
4,medium,70,10.057385244622568,0.04729176408678572,5,77.23638413898927,77.23638413898927
4,medium,70,10.057385244622568,0.04729176408678572,6,79.40998586372942,79.40998586372942
4,medium,70,10.057385244622568,0.04729176408678572,7,79.41439696938163,79.41439696938163
4,medium,70,10.057385244622568,0.04729176408678572,8,87.00132597250943,87.00132597250943
4,medium,71,-7.092007625823924,-0.4476816789887708,1,48.91911937186315,48.91911937186315
4,medium,71,-7.092007625823924,-0.4476816789887708,2,48.84145268582854,48.84145268582854
4,medium,71,-7.092007625823924,-0.4476816789887708,3,50.99726132459633,50.99726132459633
4,medium,71,-7.092007625823924,-0.4476816789887708,4,52.89039041588148,52.89039041588148
4,medium,71,-7.092007625823924,-0.4476816789887708,5,62.153831518140585,62.153831518140585
4,medium,71,-7.092007625823924,-0.4476816789887708,6,59.05084889665083,59.05084889665083
4,medium,71,-7.092007625823924,-0.4476816789887708,7,60.299338535154845,60.299338535154845
4,medium,71,-7.092007625823924,-0.4476816789887708,8,55.80278553567414,55.80278553567414
4,medium,72,-6.880086164673579,-0.655400766663986,1,40.76866777357084,40.76866777357084
4,medium,72,-6.880086164673579,-0.655400766663986,2,47.576092700166754,47.576092700166754
4,medium,72,-6.880086164673579,-0.655400766663986,3,50.77259366986376,50.77259366986376
4,medium,72,-6.880086164673579,-0.655400766663986,4,53.32892814525532,53.32892814525532
4,medium,72,-6.880086164673579,-0.655400766663986,5,57.307430343352344,57.307430343352344
4,medium,72,-6.880086164673579,-0.655400766663986,6,56.60505200738113,56.60505200738113
4,medium,72,-6.880086164673579,-0.655400766663986,7,63.17587485212621,63.17587485212621
4,medium,72,-6.880086164673579,-0.655400766663986,8,59.112159573405805,59.112159573405805
4,medium,73,10.255713696966989,0.9986066923739833,1,60.628992228011775,60.628992228011775
4,medium,73,10.255713696966989,0.9986066923739833,2,64.56596854905351,64.56596854905351
4,medium,73,10.255713696966989,0.9986066923739833,3,74.4784248466485,74.4784248466485
4,medium,73,10.255713696966989,0.9986066923739833,4,76.00138063944524,76.00138063944524
4,medium,73,10.255713696966989,0.9986066923739833,5,82.6182009242984,82.6182009242984
4,medium,73,10.255713696966989,0.9986066923739833,6,83.44423458653964,83.44423458653964
4,medium,73,10.255713696966989,0.9986066923739833,7,86.47028423694644,86.47028423694644
4,medium,73,10.255713696966989,0.9986066923739833,8,91.13950951057933,91.13950951057933
4,medium,74,-2.847730070510088,0.3003544118362088,1,44.894773868600936,44.894773868600936
4,medium,74,-2.847730070510088,0.3003544118362088,2,50.24413297191999,50.24413297191999
4,medium,74,-2.847730070510088,0.3003544118362088,3,52.72722922592318,52.72722922592318
4,medium,74,-2.847730070510088,0.3003544118362088,4,63.51665439276079,63.51665439276079
4,medium,74,-2.847730070510088,0.3003544118362088,5,61.862051714582556,61.862051714582556
4,medium,74,-2.847730070510088,0.3003544118362088,6,69.32277595887768,69.32277595887768
4,medium,74,-2.847730070510088,0.3003544118362088,7,74.80422261741924,74.80422261741924
4,medium,74,-2.847730070510088,0.3003544118362088,8,72.97978079684974,72.97978079684974
4,medium,75,-12.207177122545353,-0.6256356808124719,1,41.01882391569923,41.01882391569923
4,medium,75,-12.207177122545353,-0.6256356808124719,2,37.28834895764147,37.28834895764147
4,medium,75,-12.207177122545353,-0.6256356808124719,3,42.45990650245782,42.45990650245782
4,medium,75,-12.207177122545353,-0.6256356808124719,4,47.45892470235327,47.45892470235327
4,medium,75,-12.207177122545353,-0.6256356808124719,5,50.56190518340075,50.56190518340075
4,medium,75,-12.207177122545353,-0.6256356808124719,6,49.76081444068317,49.76081444068317
4,medium,75,-12.207177122545353,-0.6256356808124719,7,62.46795010944774,62.46795010944774
4,medium,75,-12.207177122545353,-0.6256356808124719,8,55.4125670136777,55.4125670136777
4,medium,76,1.8130347974915022,-0.3055829583402104,1,54.700182509041404,54.700182509041404
4,medium,76,1.8130347974915022,-0.3055829583402104,2,59.151244482271636,59.151244482271636
4,medium,76,1.8130347974915022,-0.3055829583402104,3,59.81823001814889,59.81823001814889
4,medium,76,1.8130347974915022,-0.3055829583402104,4,60.66000080304932,60.66000080304932
4,medium,76,1.8130347974915022,-0.3055829583402104,5,68.42103699768036,68.42103699768036
4,medium,76,1.8130347974915022,-0.3055829583402104,6,72.82617301707184,72.82617301707184
4,medium,76,1.8130347974915022,-0.3055829583402104,7,70.58487217596053,70.58487217596053
4,medium,76,1.8130347974915022,-0.3055829583402104,8,75.05517316697902,75.05517316697902
4,medium,77,-1.3889136243904463,-0.5927400422986553,1,50.726108837803004,50.726108837803004
4,medium,77,-1.3889136243904463,-0.5927400422986553,2,56.47497194411873,56.47497194411873
4,medium,77,-1.3889136243904463,-0.5927400422986553,3,52.364364065934026,52.364364065934026
4,medium,77,-1.3889136243904463,-0.5927400422986553,4,65.20270687839836,65.20270687839836
4,medium,77,-1.3889136243904463,-0.5927400422986553,5,58.836792420751266,58.836792420751266
4,medium,77,-1.3889136243904463,-0.5927400422986553,6,58.67809787850334,58.67809787850334
4,medium,77,-1.3889136243904463,-0.5927400422986553,7,64.40915259793975,64.40915259793975
4,medium,77,-1.3889136243904463,-0.5927400422986553,8,68.30929148965532,68.30929148965532
4,medium,78,0.05764185899886934,1.0994051744418598,1,59.02791065648142,59.02791065648142
4,medium,78,0.05764185899886934,1.0994051744418598,2,60.99008123819655,60.99008123819655
4,medium,78,0.05764185899886934,1.0994051744418598,3,62.783232678461815,62.783232678461815
4,medium,78,0.05764185899886934,1.0994051744418598,4,62.28681198480183,62.28681198480183
4,medium,78,0.05764185899886934,1.0994051744418598,5,67.95655449719182,67.95655449719182
4,medium,78,0.05764185899886934,1.0994051744418598,6,74.16421810896215,74.16421810896215
4,medium,78,0.05764185899886934,1.0994051744418598,7,86.41255642047366,86.41255642047366
4,medium,78,0.05764185899886934,1.0994051744418598,8,77.2722005318785,77.2722005318785
4,medium,79,3.8528040112633057,0.6562064882167552,1,60.90217445501812,60.90217445501812
4,medium,79,3.8528040112633057,0.6562064882167552,2,59.58351421599505,59.58351421599505
4,medium,79,3.8528040112633057,0.6562064882167552,3,69.81939617587582,69.81939617587582
4,medium,79,3.8528040112633057,0.6562064882167552,4,65.06002804421011,65.06002804421011
4,medium,79,3.8528040112633057,0.6562064882167552,5,72.56470615633532,72.56470615633532
4,medium,79,3.8528040112633057,0.6562064882167552,6,72.49139011545559,72.49139011545559
4,medium,79,3.8528040112633057,0.6562064882167552,7,82.15679870786562,82.15679870786562
4,medium,79,3.8528040112633057,0.6562064882167552,8,87.5537943832116,87.5537943832116
4,medium,80,-3.706600317924094,-0.13257252834817648,1,55.01299017293118,55.01299017293118
4,medium,80,-3.706600317924094,-0.13257252834817648,2,54.42105659814811,54.42105659814811
4,medium,80,-3.706600317924094,-0.13257252834817648,3,60.425480860764836,60.425480860764836
4,medium,80,-3.706600317924094,-0.13257252834817648,4,61.50238129466814,61.50238129466814
4,medium,80,-3.706600317924094,-0.13257252834817648,5,60.23491230486298,60.23491230486298
4,medium,80,-3.706600317924094,-0.13257252834817648,6,64.92907622684096,64.92907622684096
4,medium,80,-3.706600317924094,-0.13257252834817648,7,63.449409349210875,63.449409349210875
4,medium,80,-3.706600317924094,-0.13257252834817648,8,68.67721294708751,68.67721294708751
5,warm,81,6.443765485188332,0.27159702961604465,1,63.97825363985084,63.97825363985084
5,warm,81,6.443765485188332,0.27159702961604465,2,65.81081197486746,65.81081197486746
5,warm,81,6.443765485188332,0.27159702961604465,3,69.43062856891247,69.43062856891247
5,warm,81,6.443765485188332,0.27159702961604465,4,68.8157604845909,68.8157604845909
5,warm,81,6.443765485188332,0.27159702961604465,5,73.98821094226619,73.98821094226619
5,warm,81,6.443765485188332,0.27159702961604465,6,77.37952962162389,77.37952962162389
5,warm,81,6.443765485188332,0.27159702961604465,7,84.73083230254113,84.73083230254113
5,warm,81,6.443765485188332,0.27159702961604465,8,84.44501883071702,84.44501883071702
5,warm,82,-2.2048656181875064,-0.2071699739594299,1,52.87408857815022,52.87408857815022
5,warm,82,-2.2048656181875064,-0.2071699739594299,2,51.23154519809301,51.23154519809301
5,warm,82,-2.2048656181875064,-0.2071699739594299,3,63.4592158343403,63.4592158343403
5,warm,82,-2.2048656181875064,-0.2071699739594299,4,62.74822853440909,62.74822853440909
5,warm,82,-2.2048656181875064,-0.2071699739594299,5,62.656273675255534,62.656273675255534
5,warm,82,-2.2048656181875064,-0.2071699739594299,6,68.87525233555958,68.87525233555958
5,warm,82,-2.2048656181875064,-0.2071699739594299,7,70.48758496641261,70.48758496641261
5,warm,82,-2.2048656181875064,-0.2071699739594299,8,76.05121846941604,76.05121846941604
5,warm,83,3.317819639156969,-0.23812344730778912,1,57.41029434813007,57.41029434813007
5,warm,83,3.317819639156969,-0.23812344730778912,2,56.99923022655697,56.99923022655697
5,warm,83,3.317819639156969,-0.23812344730778912,3,61.02950766077518,61.02950766077518
5,warm,83,3.317819639156969,-0.23812344730778912,4,67.6641069041445,67.6641069041445
5,warm,83,3.317819639156969,-0.23812344730778912,5,75.04435812887272,75.04435812887272
5,warm,83,3.317819639156969,-0.23812344730778912,6,76.74292998132299,76.74292998132299
5,warm,83,3.317819639156969,-0.23812344730778912,7,74.97725308714816,74.97725308714816
5,warm,83,3.317819639156969,-0.23812344730778912,8,82.69060076563713,82.69060076563713
5,warm,84,10.968390131493479,-0.39430141892512127,1,64.02838365429949,64.02838365429949
5,warm,84,10.968390131493479,-0.39430141892512127,2,68.28372824879844,68.28372824879844
5,warm,84,10.968390131493479,-0.39430141892512127,3,71.36657034692779,71.36657034692779
5,warm,84,10.968390131493479,-0.39430141892512127,4,81.51753374696318,81.51753374696318
5,warm,84,10.968390131493479,-0.39430141892512127,5,73.4410166051062,73.4410166051062
5,warm,84,10.968390131493479,-0.39430141892512127,6,80.50534119498133,80.50534119498133
5,warm,84,10.968390131493479,-0.39430141892512127,7,78.06834833511479,78.06834833511479
5,warm,84,10.968390131493479,-0.39430141892512127,8,88.38348654896879,88.38348654896879
5,warm,85,4.351814908338029,-0.2973086337297555,1,60.94433168977249,60.94433168977249
5,warm,85,4.351814908338029,-0.2973086337297555,2,65.29418436418197,65.29418436418197
5,warm,85,4.351814908338029,-0.2973086337297555,3,58.4844532516374,58.4844532516374
5,warm,85,4.351814908338029,-0.2973086337297555,4,68.8008888650011,68.8008888650011
5,warm,85,4.351814908338029,-0.2973086337297555,5,75.6453815938402,75.6453815938402
5,warm,85,4.351814908338029,-0.2973086337297555,6,72.92591551683259,72.92591551683259
5,warm,85,4.351814908338029,-0.2973086337297555,7,76.83420287598389,76.83420287598389
5,warm,85,4.351814908338029,-0.2973086337297555,8,80.66373417188575,80.66373417188575
5,warm,86,-3.259315855312268,0.8254537336683451,1,52.26119413265519,52.26119413265519
5,warm,86,-3.259315855312268,0.8254537336683451,2,57.58707123926233,57.58707123926233
5,warm,86,-3.259315855312268,0.8254537336683451,3,63.97050799682721,63.97050799682721
5,warm,86,-3.259315855312268,0.8254537336683451,4,64.15603630802613,64.15603630802613
5,warm,86,-3.259315855312268,0.8254537336683451,5,69.45678694944687,69.45678694944687
5,warm,86,-3.259315855312268,0.8254537336683451,6,80.75740017836219,80.75740017836219
5,warm,86,-3.259315855312268,0.8254537336683451,7,79.01215706471113,79.01215706471113
5,warm,86,-3.259315855312268,0.8254537336683451,8,82.71057334202399,82.71057334202399
5,warm,87,11.488076184510941,-0.027014062542720242,1,61.034332746117876,61.034332746117876
5,warm,87,11.488076184510941,-0.027014062542720242,2,68.64261620229219,68.64261620229219
5,warm,87,11.488076184510941,-0.027014062542720242,3,71.54305553738214,71.54305553738214
5,warm,87,11.488076184510941,-0.027014062542720242,4,75.74688244491195,75.74688244491195
5,warm,87,11.488076184510941,-0.027014062542720242,5,77.62675294798385,77.62675294798385
5,warm,87,11.488076184510941,-0.027014062542720242,6,80.86554485192653,80.86554485192653
5,warm,87,11.488076184510941,-0.027014062542720242,7,84.33665685125153,84.33665685125153
5,warm,87,11.488076184510941,-0.027014062542720242,8,89.42845013796986,89.42845013796986
5,warm,88,9.935038559621194,0.05962261821379208,1,67.69905912192087,67.69905912192087
5,warm,88,9.935038559621194,0.05962261821379208,2,70.40154367572677,70.40154367572677
5,warm,88,9.935038559621194,0.05962261821379208,3,69.8339810604334,69.8339810604334
5,warm,88,9.935038559621194,0.05962261821379208,4,69.51577966886013,69.51577966886013
5,warm,88,9.935038559621194,0.05962261821379208,5,75.69940136508228,75.69940136508228
5,warm,88,9.935038559621194,0.05962261821379208,6,80.51949266918243,80.51949266918243
5,warm,88,9.935038559621194,0.05962261821379208,7,85.86331089980266,85.86331089980266
5,warm,88,9.935038559621194,0.05962261821379208,8,87.22419767822907,87.22419767822907
5,warm,89,5.483969595080698,0.12184371479954595,1,65.22585538237591,65.22585538237591
5,warm,89,5.483969595080698,0.12184371479954595,2,62.11085442142473,62.11085442142473
5,warm,89,5.483969595080698,0.12184371479954595,3,63.00766732876081,63.00766732876081
5,warm,89,5.483969595080698,0.12184371479954595,4,69.94755918243135,69.94755918243135
5,warm,89,5.483969595080698,0.12184371479954595,5,71.0770554242982,71.0770554242982
5,warm,89,5.483969595080698,0.12184371479954595,6,78.28349900570396,78.28349900570396
5,warm,89,5.483969595080698,0.12184371479954595,7,82.23777644094713,82.23777644094713
5,warm,89,5.483969595080698,0.12184371479954595,8,86.32548214836221,86.32548214836221
5,warm,90,2.3873173511144126,0.6162379392426689,1,51.737980512984436,51.737980512984436
5,warm,90,2.3873173511144126,0.6162379392426689,2,61.4819271025117,61.4819271025117
5,warm,90,2.3873173511144126,0.6162379392426689,3,65.96738141046737,65.96738141046737
5,warm,90,2.3873173511144126,0.6162379392426689,4,64.98894376557162,64.98894376557162
5,warm,90,2.3873173511144126,0.6162379392426689,5,76.33460396651898,76.33460396651898
5,warm,90,2.3873173511144126,0.6162379392426689,6,80.037257623853435,80.037257623853435
5,warm,90,2.3873173511144126,0.6162379392426689,7,88.79984100927642,88.79984100927642
5,warm,90,2.3873173511144126,0.6162379392426689,8,86.58732982718296,86.58732982718296
5,warm,91,-6.2790607603937145,-0.25803191547239,1,47.203107906687904,47.203107906687904
5,warm,91,-6.2790607603937145,-0.25803191547239,2,50.69463291090882,50.69463291090882
5,warm,91,-6.2790607603937145,-0.25803191547239,3,53.95614218589003,53.95614218589003
5,warm,91,-6.2790607603937145,-0.25803191547239,4,51.543393251703726,51.543393251703726
5,warm,91,-6.2790607603937145,-0.25803191547239,5,55.41739848631761,55.41739848631761
5,warm,91,-6.2790607603937145,-0.25803191547239,6,63.54013084639834,63.54013084639834
5,warm,91,-6.2790607603937145,-0.25803191547239,7,65.37151368960005,65.37151368960005
5,warm,91,-6.2790607603937145,-0.25803191547239,8,70.62089349099945,70.62089349099945
5,warm,92,13.606524485300074,-0.4962535751960187,1,60.37664579032245,60.37664579032245
5,warm,92,13.606524485300074,-0.4962535751960187,2,65.31792257132776,65.31792257132776
5,warm,92,13.606524485300074,-0.4962535751960187,3,69.61331344289579,69.61331344289579
5,warm,92,13.606524485300074,-0.4962535751960187,4,78.97968484769675,78.97968484769675
5,warm,92,13.606524485300074,-0.4962535751960187,5,75.82978658804963,75.82978658804963
5,warm,92,13.606524485300074,-0.4962535751960187,6,79.83046117339435,79.83046117339435
5,warm,92,13.606524485300074,-0.4962535751960187,7,85.5723709149501,85.5723709149501
5,warm,92,13.606524485300074,-0.4962535751960187,8,87.46825679825659,87.46825679825659
5,warm,93,-6.002595871471267,0.8378484662015949,1,48.874504130734216,48.874504130734216
5,warm,93,-6.002595871471267,0.8378484662015949,2,59.78828700706901,59.78828700706901
5,warm,93,-6.002595871471267,0.8378484662015949,3,53.93713851335881,53.93713851335881
5,warm,93,-6.002595871471267,0.8378484662015949,4,60.832389073605704,60.832389073605704
5,warm,93,-6.002595871471267,0.8378484662015949,5,64.63636811030553,64.63636811030553
5,warm,93,-6.002595871471267,0.8378484662015949,6,75.16168120623567,75.16168120623567
5,warm,93,-6.002595871471267,0.8378484662015949,7,72.75388862326906,72.75388862326906
5,warm,93,-6.002595871471267,0.8378484662015949,8,79.25393114681435,79.25393114681435
5,warm,94,21.873329930165774,-0.22058160845264274,1,77.61414916468124,77.61414916468124
5,warm,94,21.873329930165774,-0.22058160845264274,2,75.45639510541528,75.45639510541528
5,warm,94,21.873329930165774,-0.22058160845264274,3,86.97711255203387,86.97711255203387
5,warm,94,21.873329930165774,-0.22058160845264274,4,87.41829074277794,87.41829074277794
5,warm,94,21.873329930165774,-0.22058160845264274,5,85.5478020593115,85.5478020593115
5,warm,94,21.873329930165774,-0.22058160845264274,6,93.51357370662312,93.51357370662312
5,warm,94,21.873329930165774,-0.22058160845264274,7,94.88933724129807,94.88933724129807
5,warm,94,21.873329930165774,-0.22058160845264274,8,99.84836337852764,99.84836337852764
5,warm,95,15.326106261851892,-0.36153298496993685,1,68.29464768583496,68.29464768583496
5,warm,95,15.326106261851892,-0.36153298496993685,2,75.01458840224706,75.01458840224706
5,warm,95,15.326106261851892,-0.36153298496993685,3,70.98820614983208,70.98820614983208
5,warm,95,15.326106261851892,-0.36153298496993685,4,76.7121242303844,76.7121242303844
5,warm,95,15.326106261851892,-0.36153298496993685,5,80.770869303736,80.770869303736
5,warm,95,15.326106261851892,-0.36153298496993685,6,81.76951217747826,81.76951217747826
5,warm,95,15.326106261851892,-0.36153298496993685,7,84.87551023576376,84.87551023576376
5,warm,95,15.326106261851892,-0.36153298496993685,8,91.1799016603624,91.1799016603624
5,warm,96,-2.3570035910047693,-0.6181365594416465,1,50.22833445098338,50.22833445098338
5,warm,96,-2.3570035910047693,-0.6181365594416465,2,45.958694965860644,45.958694965860644
5,warm,96,-2.3570035910047693,-0.6181365594416465,3,59.71030709782841,59.71030709782841
5,warm,96,-2.3570035910047693,-0.6181365594416465,4,60.31962737918421,60.31962737918421
5,warm,96,-2.3570035910047693,-0.6181365594416465,5,69.80093573123199,69.80093573123199
5,warm,96,-2.3570035910047693,-0.6181365594416465,6,67.58977176649863,67.58977176649863
5,warm,96,-2.3570035910047693,-0.6181365594416465,7,67.17516256601773,67.17516256601773
5,warm,96,-2.3570035910047693,-0.6181365594416465,8,79.89007737433634,79.89007737433634
5,warm,97,-10.264209003067805,-0.6423578611588983,1,51.19011120751982,51.19011120751982
5,warm,97,-10.264209003067805,-0.6423578611588983,2,41.99493982574386,41.99493982574386
5,warm,97,-10.264209003067805,-0.6423578611588983,3,50.01581328132177,50.01581328132177
5,warm,97,-10.264209003067805,-0.6423578611588983,4,50.932618796400156,50.932618796400156
5,warm,97,-10.264209003067805,-0.6423578611588983,5,55.08515513079974,55.08515513079974
5,warm,97,-10.264209003067805,-0.6423578611588983,6,58.16427201568525,58.16427201568525
5,warm,97,-10.264209003067805,-0.6423578611588983,7,56.65358458021275,56.65358458021275
5,warm,97,-10.264209003067805,-0.6423578611588983,8,64.25369684838869,64.25369684838869
5,warm,98,-7.10406563699301,-0.28698673964899346,1,51.45668971278338,51.45668971278338
5,warm,98,-7.10406563699301,-0.28698673964899346,2,49.02969087130459,49.02969087130459
5,warm,98,-7.10406563699301,-0.28698673964899346,3,52.34619401196464,52.34619401196464
5,warm,98,-7.10406563699301,-0.28698673964899346,4,60.34370342342341,60.34370342342341
5,warm,98,-7.10406563699301,-0.28698673964899346,5,62.156189386810865,62.156189386810865
5,warm,98,-7.10406563699301,-0.28698673964899346,6,57.828529469969176,57.828529469969176
5,warm,98,-7.10406563699301,-0.28698673964899346,7,66.7726981052506,66.7726981052506
5,warm,98,-7.10406563699301,-0.28698673964899346,8,74.36068214984823,74.36068214984823
5,warm,99,2.568837091565295,0.30899290858326417,1,60.72365904990598,60.72365904990598
5,warm,99,2.568837091565295,0.30899290858326417,2,61.64667772017451,61.64667772017451
5,warm,99,2.568837091565295,0.30899290858326417,3,66.45947823865377,66.45947823865377
5,warm,99,2.568837091565295,0.30899290858326417,4,64.6140030893323,64.6140030893323
5,warm,99,2.568837091565295,0.30899290858326417,5,73.01419633512572,73.01419633512572
5,warm,99,2.568837091565295,0.30899290858326417,6,73.15944773750141,73.15944773750141
5,warm,99,2.568837091565295,0.30899290858326417,7,78.5577332473573,78.5577332473573
5,warm,99,2.568837091565295,0.30899290858326417,8,86.64759141157022,86.64759141157022
5,warm,100,-2.4669187846237364,0.5549240694648592,1,48.27732594976769,48.27732594976769
5,warm,100,-2.4669187846237364,0.5549240694648592,2,56.643684106925164,56.643684106925164
5,warm,100,-2.4669187846237364,0.5549240694648592,3,61.28284954218548,61.28284954218548
5,warm,100,-2.4669187846237364,0.5549240694648592,4,64.3175134027546,64.3175134027546
5,warm,100,-2.4669187846237364,0.5549240694648592,5,73.7742680282068,73.7742680282068
5,warm,100,-2.4669187846237364,0.5549240694648592,6,69.39558364643968,69.39558364643968
5,warm,100,-2.4669187846237364,0.5549240694648592,7,78.43594048593707,78.43594048593707
5,warm,100,-2.4669187846237364,0.5549240694648592,8,80.50568206874313,80.50568206874313
6,medium,101,-3.4754259939773307,0.353794176917794,1,49.09587145143869,49.09587145143869
6,medium,101,-3.4754259939773307,0.353794176917794,2,54.6244360614154,54.6244360614154
6,medium,101,-3.4754259939773307,0.353794176917794,3,53.524754764724264,53.524754764724264
6,medium,101,-3.4754259939773307,0.353794176917794,4,55.99939796413863,55.99939796413863
6,medium,101,-3.4754259939773307,0.353794176917794,5,61.810102264161365,61.810102264161365
6,medium,101,-3.4754259939773307,0.353794176917794,6,71.90261051679579,71.90261051679579
6,medium,101,-3.4754259939773307,0.353794176917794,7,70.1684275682848,70.1684275682848
6,medium,101,-3.4754259939773307,0.353794176917794,8,74.34923061604869,74.34923061604869
6,medium,102,-9.516185672650156,-0.18182864854762623,1,42.7324457657696,42.7324457657696
6,medium,102,-9.516185672650156,-0.18182864854762623,2,47.53163522611607,47.53163522611607
6,medium,102,-9.516185672650156,-0.18182864854762623,3,46.08328975265553,46.08328975265553
6,medium,102,-9.516185672650156,-0.18182864854762623,4,55.23023113286527,55.23023113286527
6,medium,102,-9.516185672650156,-0.18182864854762623,5,56.32878686533577,56.32878686533577
6,medium,102,-9.516185672650156,-0.18182864854762623,6,54.973483967988976,54.973483967988976
6,medium,102,-9.516185672650156,-0.18182864854762623,7,60.37467352495244,60.37467352495244
6,medium,102,-9.516185672650156,-0.18182864854762623,8,65.1781799974662,65.1781799974662
6,medium,103,-0.45027724808920266,0.029874968692300347,1,54.252790666766906,54.252790666766906
6,medium,103,-0.45027724808920266,0.029874968692300347,2,60.055274736926044,60.055274736926044
6,medium,103,-0.45027724808920266,0.029874968692300347,3,56.80038439330315,56.80038439330315
6,medium,103,-0.45027724808920266,0.029874968692300347,4,65.01763247315118,65.01763247315118
6,medium,103,-0.45027724808920266,0.029874968692300347,5,67.80874162519595,67.80874162519595
6,medium,103,-0.45027724808920266,0.029874968692300347,6,67.24152316835603,67.24152316835603
6,medium,103,-0.45027724808920266,0.029874968692300347,7,67.83106745429123,67.83106745429123
6,medium,103,-0.45027724808920266,0.029874968692300347,8,70.52128692879565,70.52128692879565
6,medium,104,-7.849044694570758,-0.35229823184003506,1,46.172017947424116,46.172017947424116
6,medium,104,-7.849044694570758,-0.35229823184003506,2,47.23297864058649,47.23297864058649
6,medium,104,-7.849044694570758,-0.35229823184003506,3,55.43136861046349,55.43136861046349
6,medium,104,-7.849044694570758,-0.35229823184003506,4,54.34717625955772,54.34717625955772
6,medium,104,-7.849044694570758,-0.35229823184003506,5,54.27362952073858,54.27362952073858
6,medium,104,-7.849044694570758,-0.35229823184003506,6,54.9605391688977,54.9605391688977
6,medium,104,-7.849044694570758,-0.35229823184003506,7,58.93766265873324,58.93766265873324
6,medium,104,-7.849044694570758,-0.35229823184003506,8,64.36123462940095,64.36123462940095
6,medium,105,-16.679419365881365,-0.35860908078700493,1,34.60916761216168,34.60916761216168
6,medium,105,-16.679419365881365,-0.35860908078700493,2,40.146052833236695,40.146052833236695
6,medium,105,-16.679419365881365,-0.35860908078700493,3,40.241739235248275,40.241739235248275
6,medium,105,-16.679419365881365,-0.35860908078700493,4,43.56946458458719,43.56946458458719
6,medium,105,-16.679419365881365,-0.35860908078700493,5,44.33600621176013,44.33600621176013
6,medium,105,-16.679419365881365,-0.35860908078700493,6,54.884056904122716,54.884056904122716
6,medium,105,-16.679419365881365,-0.35860908078700493,7,52.80818226302078,52.80818226302078
6,medium,105,-16.679419365881365,-0.35860908078700493,8,55.143608909320946,55.143608909320946
6,medium,106,-3.8022652028776243,0.44232524948846,1,44.564472801958644,44.564472801958644
6,medium,106,-3.8022652028776243,0.44232524948846,2,55.061760994747274,55.061760994747274
6,medium,106,-3.8022652028776243,0.44232524948846,3,53.45383977894862,53.45383977894862
6,medium,106,-3.8022652028776243,0.44232524948846,4,57.29247107201333,57.29247107201333
6,medium,106,-3.8022652028776243,0.44232524948846,5,66.16438455762962,66.16438455762962
6,medium,106,-3.8022652028776243,0.44232524948846,6,65.49358435452845,65.49358435452845
6,medium,106,-3.8022652028776243,0.44232524948846,7,65.04889470353206,65.04889470353206
6,medium,106,-3.8022652028776243,0.44232524948846,8,79.04604912269812,79.04604912269812
6,medium,107,9.189966090607662,-0.5077962893017722,1,54.54994902512833,54.54994902512833
6,medium,107,9.189966090607662,-0.5077962893017722,2,65.89280810158287,65.89280810158287
6,medium,107,9.189966090607662,-0.5077962893017722,3,69.71832496995619,69.71832496995619
6,medium,107,9.189966090607662,-0.5077962893017722,4,67.26587733341897,67.26587733341897
6,medium,107,9.189966090607662,-0.5077962893017722,5,72.98384579833348,72.98384579833348
6,medium,107,9.189966090607662,-0.5077962893017722,6,75.46057951996269,75.46057951996269
6,medium,107,9.189966090607662,-0.5077962893017722,7,79.7572615242388,79.7572615242388
6,medium,107,9.189966090607662,-0.5077962893017722,8,80.57989394005105,80.57989394005105
6,medium,108,-5.753469626083918,0.9776469827462321,1,47.48952601938473,47.48952601938473
6,medium,108,-5.753469626083918,0.9776469827462321,2,54.94980051322918,54.94980051322918
6,medium,108,-5.753469626083918,0.9776469827462321,3,58.58133839168407,58.58133839168407
6,medium,108,-5.753469626083918,0.9776469827462321,4,57.34741120249363,57.34741120249363
6,medium,108,-5.753469626083918,0.9776469827462321,5,59.93240298566005,59.93240298566005
6,medium,108,-5.753469626083918,0.9776469827462321,6,68.59324489037301,68.59324489037301
6,medium,108,-5.753469626083918,0.9776469827462321,7,71.26817212881416,71.26817212881416
6,medium,108,-5.753469626083918,0.9776469827462321,8,73.11108889819904,73.11108889819904
6,medium,109,6.079643222250333,-0.04515979698292579,1,59.28627546381251,59.28627546381251
6,medium,109,6.079643222250333,-0.04515979698292579,2,58.02933404882376,58.02933404882376
6,medium,109,6.079643222250333,-0.04515979698292579,3,65.42784288528014,65.42784288528014
6,medium,109,6.079643222250333,-0.04515979698292579,4,66.02421887169287,66.02421887169287
6,medium,109,6.079643222250333,-0.04515979698292579,5,73.72533705991313,73.72533705991313
6,medium,109,6.079643222250333,-0.04515979698292579,6,81.08215186383738,81.08215186383738
6,medium,109,6.079643222250333,-0.04515979698292579,7,74.01558691230947,74.01558691230947
6,medium,109,6.079643222250333,-0.04515979698292579,8,82.89135735921585,82.89135735921585
6,medium,110,-16.17882708289164,0.10726941331460817,1,39.403891513727814,39.403891513727814
6,medium,110,-16.17882708289164,0.10726941331460817,2,39.8251290708215,39.8251290708215
6,medium,110,-16.17882708289164,0.10726941331460817,3,41.782042034881144,41.782042034881144
6,medium,110,-16.17882708289164,0.10726941331460817,4,50.97617369087924,50.97617369087924
6,medium,110,-16.17882708289164,0.10726941331460817,5,43.34114652897266,43.34114652897266
6,medium,110,-16.17882708289164,0.10726941331460817,6,50.53520502221502,50.53520502221502
6,medium,110,-16.17882708289164,0.10726941331460817,7,51.26152847933729,51.26152847933729
6,medium,110,-16.17882708289164,0.10726941331460817,8,62.86526854046345,62.86526854046345
6,medium,111,-0.5556196552453943,-0.3692638523697867,1,51.50300619445025,51.50300619445025
6,medium,111,-0.5556196552453943,-0.3692638523697867,2,53.131839041606014,53.131839041606014
6,medium,111,-0.5556196552453943,-0.3692638523697867,3,66.88872220984423,66.88872220984423
6,medium,111,-0.5556196552453943,-0.3692638523697867,4,59.81721313161257,59.81721313161257
6,medium,111,-0.5556196552453943,-0.3692638523697867,5,61.2668131473061,61.2668131473061
6,medium,111,-0.5556196552453943,-0.3692638523697867,6,66.12839298094433,66.12839298094433
6,medium,111,-0.5556196552453943,-0.3692638523697867,7,63.1542595159012,63.1542595159012
6,medium,111,-0.5556196552453943,-0.3692638523697867,8,71.96117745381251,71.96117745381251
6,medium,112,5.194072039434623,-0.2871943448816347,1,57.618388091313086,57.618388091313086
6,medium,112,5.194072039434623,-0.2871943448816347,2,62.02525871726179,62.02525871726179
6,medium,112,5.194072039434623,-0.2871943448816347,3,60.38537709697615,60.38537709697615
6,medium,112,5.194072039434623,-0.2871943448816347,4,62.976343133464255,62.976343133464255
6,medium,112,5.194072039434623,-0.2871943448816347,5,66.67785632519788,66.67785632519788
6,medium,112,5.194072039434623,-0.2871943448816347,6,69.16693725086647,69.16693725086647
6,medium,112,5.194072039434623,-0.2871943448816347,7,78.08086152531394,78.08086152531394
6,medium,112,5.194072039434623,-0.2871943448816347,8,81.63395396580582,81.63395396580582
6,medium,113,3.011533621667144,-0.6585080661526209,1,54.88234969639732,54.88234969639732
6,medium,113,3.011533621667144,-0.6585080661526209,2,56.61770780760786,56.61770780760786
6,medium,113,3.011533621667144,-0.6585080661526209,3,59.04889293194427,59.04889293194427
6,medium,113,3.011533621667144,-0.6585080661526209,4,62.58521079061571,62.58521079061571
6,medium,113,3.011533621667144,-0.6585080661526209,5,65.0097059920072,65.0097059920072
6,medium,113,3.011533621667144,-0.6585080661526209,6,67.93058838804812,67.93058838804812
6,medium,113,3.011533621667144,-0.6585080661526209,7,67.16194033546003,67.16194033546003
6,medium,113,3.011533621667144,-0.6585080661526209,8,69.20277992598523,69.20277992598523
6,medium,114,1.0567619414894331,-0.09146269418636366,1,57.55653223854132,57.55653223854132
6,medium,114,1.0567619414894331,-0.09146269418636366,2,55.22795446980673,55.22795446980673
6,medium,114,1.0567619414894331,-0.09146269418636366,3,60.69151094460669,60.69151094460669
6,medium,114,1.0567619414894331,-0.09146269418636366,4,62.51999956333398,62.51999956333398
6,medium,114,1.0567619414894331,-0.09146269418636366,5,62.725900294105614,62.725900294105614
6,medium,114,1.0567619414894331,-0.09146269418636366,6,70.28117150460578,70.28117150460578
6,medium,114,1.0567619414894331,-0.09146269418636366,7,71.93583770266376,71.93583770266376
6,medium,114,1.0567619414894331,-0.09146269418636366,8,78.52441045663606,78.52441045663606
6,medium,115,-6.407060083053765,0.209491202462232,1,47.15480987328943,47.15480987328943
6,medium,115,-6.407060083053765,0.209491202462232,2,49.01728504726814,49.01728504726814
6,medium,115,-6.407060083053765,0.209491202462232,3,54.05629826424902,54.05629826424902
6,medium,115,-6.407060083053765,0.209491202462232,4,52.87412977968915,52.87412977968915
6,medium,115,-6.407060083053765,0.209491202462232,5,57.1327137690766,57.1327137690766
6,medium,115,-6.407060083053765,0.209491202462232,6,64.38070688513791,64.38070688513791
6,medium,115,-6.407060083053765,0.209491202462232,7,65.06001563051001,65.06001563051001
6,medium,115,-6.407060083053765,0.209491202462232,8,69.0709866975867,69.0709866975867
6,medium,116,-8.49704346033582,0.16215217208069,1,44.31944358347902,44.31944358347902
6,medium,116,-8.49704346033582,0.16215217208069,2,45.87572302750197,45.87572302750197
6,medium,116,-8.49704346033582,0.16215217208069,3,44.933347078659004,44.933347078659004
6,medium,116,-8.49704346033582,0.16215217208069,4,55.19807013851672,55.19807013851672
6,medium,116,-8.49704346033582,0.16215217208069,5,59.5986359230082,59.5986359230082
6,medium,116,-8.49704346033582,0.16215217208069,6,56.60972086609795,56.60972086609795
6,medium,116,-8.49704346033582,0.16215217208069,7,68.08522989960483,68.08522989960483
6,medium,116,-8.49704346033582,0.16215217208069,8,67.95563838737141,67.95563838737141
6,medium,117,-10.241287906049132,-0.39076824352737566,1,46.39286473540511,46.39286473540511
6,medium,117,-10.241287906049132,-0.39076824352737566,2,42.105664193169254,42.105664193169254
6,medium,117,-10.241287906049132,-0.39076824352737566,3,48.086751228431496,48.086751228431496
6,medium,117,-10.241287906049132,-0.39076824352737566,4,49.895597243024945,49.895597243024945
6,medium,117,-10.241287906049132,-0.39076824352737566,5,55.110393171959316,55.110393171959316
6,medium,117,-10.241287906049132,-0.39076824352737566,6,53.68652392904853,53.68652392904853
6,medium,117,-10.241287906049132,-0.39076824352737566,7,57.99304137340186,57.99304137340186
6,medium,117,-10.241287906049132,-0.39076824352737566,8,55.29658869950003,55.29658869950003
6,medium,118,1.1764659710012588,-0.3943109854270009,1,51.44929065696276,51.44929065696276
6,medium,118,1.1764659710012588,-0.3943109854270009,2,56.76294565114259,56.76294565114259
6,medium,118,1.1764659710012588,-0.3943109854270009,3,56.87456853755559,56.87456853755559
6,medium,118,1.1764659710012588,-0.3943109854270009,4,61.468513571858814,61.468513571858814
6,medium,118,1.1764659710012588,-0.3943109854270009,5,62.80113312209059,62.80113312209059
6,medium,118,1.1764659710012588,-0.3943109854270009,6,68.63139046692372,68.63139046692372
6,medium,118,1.1764659710012588,-0.3943109854270009,7,72.92175399926093,72.92175399926093
6,medium,118,1.1764659710012588,-0.3943109854270009,8,69.55447384916268,69.55447384916268
6,medium,119,-9.474746141848021,-0.25109935917143045,1,42.353044823196356,42.353044823196356
6,medium,119,-9.474746141848021,-0.25109935917143045,2,50.342338914918344,50.342338914918344
6,medium,119,-9.474746141848021,-0.25109935917143045,3,42.17518601808656,42.17518601808656
6,medium,119,-9.474746141848021,-0.25109935917143045,4,50.56134304624405,50.56134304624405
6,medium,119,-9.474746141848021,-0.25109935917143045,5,60.46386991472485,60.46386991472485
6,medium,119,-9.474746141848021,-0.25109935917143045,6,63.59942791031616,63.59942791031616
6,medium,119,-9.474746141848021,-0.25109935917143045,7,60.23734431400241,60.23734431400241
6,medium,119,-9.474746141848021,-0.25109935917143045,8,59.925632132939626,59.925632132939626
6,medium,120,-4.905574437006684,0.7480303349231753,1,49.3388281563878,49.3388281563878
6,medium,120,-4.905574437006684,0.7480303349231753,2,50.632163044998606,50.632163044998606
6,medium,120,-4.905574437006684,0.7480303349231753,3,60.69696841463729,60.69696841463729
6,medium,120,-4.905574437006684,0.7480303349231753,4,57.66709893557688,57.66709893557688
6,medium,120,-4.905574437006684,0.7480303349231753,5,64.95331202323543,64.95331202323543
6,medium,120,-4.905574437006684,0.7480303349231753,6,69.44215779623845,69.44215779623845
6,medium,120,-4.905574437006684,0.7480303349231753,7,69.058107425368,69.058107425368
6,medium,120,-4.905574437006684,0.7480303349231753,8,77.63324228689726,77.63324228689726
