fish,point,X,Y,specimen
blue,eye,2.1724357699252765,1.583222700071907,1
blue,lowerjaw,0.787534697218566,1.242885698167716,1
blue,maxilla,2.1067462816702722,0.8956098104344331,1
blue,premaxilla,0.7976840151227134,1.7533379820907853,1
blue,eye,2.101881437271036,1.6399899203056534,2
blue,lowerjaw,0.6056664025744213,1.3592771129097476,2
blue,maxilla,2.132628820427238,0.8883338239920777,2
blue,premaxilla,0.9559494790166714,1.806979855371946,2
blue,eye,2.081352229023166,1.4888756705244044,3
blue,lowerjaw,0.6386924063107724,1.285513017203149,3
blue,maxilla,2.1343507543424822,0.7513556060243127,3
blue,premaxilla,0.915808174814248,1.727457842780207,3
blue,eye,2.102845897274331,1.5825262576603267,4
blue,lowerjaw,0.589365435042736,1.2146164535546282,4
blue,maxilla,2.2551810279990985,0.7825469893234959,4
blue,premaxilla,0.8852586494506723,1.7205167951441918,4
blue,eye,2.185680151527616,1.614259156451167,5
blue,lowerjaw,0.6558029647420187,1.206661576190453,5
blue,maxilla,2.247790052792914,0.8393390472135858,5
blue,premaxilla,0.9355836776528428,1.8075762142201695,5
blue,eye,2.0723562260998505,1.5861182511798644,6
blue,lowerjaw,0.6071849382463503,1.1546760144836767,6
blue,maxilla,2.271807296858545,0.7423284215372538,6
blue,premaxilla,0.832821122767386,1.85314665585255,6
blue,eye,2.08035296449426,1.5706946855163901,7
blue,lowerjaw,0.5757709011209358,1.2283666811170972,7
blue,maxilla,2.2347864861882116,0.8277096305783403,7
blue,premaxilla,0.805315295724963,1.7185700389766239,7
blue,eye,2.107058031944476,1.55985414784054,8
blue,lowerjaw,0.7072200907106541,1.222007148238688,8
blue,maxilla,2.119438443753212,0.9105574093807955,8
blue,premaxilla,0.9012234518806216,1.799328535062178,8
blue,eye,2.058381877087843,1.5792843768093272,9
blue,lowerjaw,0.5965430743720377,1.2264678217515366,9
blue,maxilla,2.194445525441892,0.8529683226888128,9
blue,premaxilla,0.8447486707948513,1.7310299074654902,9
blue,eye,2.108033861647569,1.5873949617422962,10
blue,lowerjaw,0.6508161641110501,1.2537130919359891,10
blue,maxilla,2.27718639388058,0.8078136181997022,10
blue,premaxilla,0.8829983430931163,1.7275168388311453,10
blue,eye,2.094593712749302,1.5716945022334585,11
blue,lowerjaw,0.7246116709582429,1.3280743627866736,11
blue,maxilla,2.138904201192438,0.8219301868948002,11
blue,premaxilla,0.8807593546294379,1.7111663917964135,11
blue,eye,2.201566863257954,1.5487787801278017,12
blue,lowerjaw,0.6976198831926501,1.3241452812594912,12
blue,maxilla,2.185267514640496,0.8357345820683341,12
blue,premaxilla,0.8354637465587026,1.7826210467469858,12
blue,eye,2.124840667937834,1.6154502573667715,13
blue,lowerjaw,0.5970044882269753,1.2430562851897045,13
blue,maxilla,2.1399775065034925,0.843607785382493,13
blue,premaxilla,0.7881925382046958,1.7287690300220024,13
blue,eye,2.120142413345996,1.6056650849588814,14
blue,lowerjaw,0.5548475184155444,1.2439828369515185,14
blue,maxilla,2.193754524279943,0.8436675940011652,14
blue,premaxilla,0.8988839865406736,1.6637074011433217,14
blue,eye,2.058625742953486,1.519569446285745,15
blue,lowerjaw,0.6389544734893163,1.233925981577122,15
blue,maxilla,2.22022959390782,0.7958305029136078,15
blue,premaxilla,0.8949499231848603,1.682769569526009,15
blue,eye,2.13623432870394,1.6276539563997345,16
blue,lowerjaw,0.6827819970418416,1.3041810947994337,16
blue,maxilla,2.215288350829714,0.7305471087884341,16
blue,premaxilla,0.9075786436983622,1.7809865318403575,16
blue,eye,2.1253236251557026,1.6017756353468602,17
blue,lowerjaw,0.8445796307192692,1.2413911333552345,17
blue,maxilla,2.125655591445182,0.8138248221308145,17
blue,premaxilla,0.9019578130413873,1.7163141822190844,17
blue,eye,2.0791888221928456,1.6098459213865715,18
blue,lowerjaw,0.6683102474727457,1.2348593535551142,18
blue,maxilla,2.1215510903912187,0.7839397683037965,18
blue,premaxilla,0.8759768597862502,1.7628831836929932,18
blue,eye,2.1245040444632024,1.5531256823859863,19
blue,lowerjaw,0.7196483840102341,1.2518811247958808,19
blue,maxilla,2.2712315664325375,0.8338009635381137,19
blue,premaxilla,0.8490575104027452,1.7629302581926016,19
blue,eye,2.186119296959722,1.5746793279768176,20
blue,lowerjaw,0.6262522276403649,1.2356598056577985,20
blue,maxilla,2.1539289241649135,0.7824763286392343,20
blue,premaxilla,0.8571317265268221,1.7854105703581942,20
blue,eye,2.1276501492368216,1.5844989186283553,21
blue,lowerjaw,0.7319394757773253,1.2433243011176511,21
blue,maxilla,2.242347055735859,0.8762709209843962,21
blue,premaxilla,0.9010108126491018,1.7971224121130758,21
blue,eye,2.1403852671848016,1.622803646706054,22
blue,lowerjaw,0.5826567523067344,1.2613905924869329,22
blue,maxilla,2.240504762801991,0.8373568193109624,22
blue,premaxilla,0.8217659782376535,1.7889123861511425,22
blue,eye,2.1155269941759816,1.5559538283732548,23
blue,lowerjaw,0.6696030291997911,1.254906287430022,23
blue,maxilla,2.231968949116312,0.8661916169141693,23
blue,premaxilla,0.9021098131400034,1.6849807530381053,23
blue,eye,2.1687279616978308,1.6804063563630312,24
blue,lowerjaw,0.7382424825327754,1.3244937031736796,24
blue,maxilla,2.222476650074552,0.7786568240987739,24
blue,premaxilla,0.905053160181264,1.6190822987100821,24
blue,eye,2.1932166484799933,1.628079040016561,25
blue,lowerjaw,0.6280405240772139,1.2827570636974668,25
blue,maxilla,2.1711588118756087,0.8464878446550185,25
blue,premaxilla,0.8925607638246978,1.8221341846079238,25
blue,eye,2.083856843787336,1.594048212626135,26
blue,lowerjaw,0.7248262947776012,1.203991315926054,26
blue,maxilla,2.287383184323987,0.760596659221375,26
blue,premaxilla,0.8704886404238642,1.8070335389936838,26
blue,eye,2.1522844580504,1.62451440130558,27
blue,lowerjaw,0.6601995360669138,1.2588792898330843,27
blue,maxilla,2.2111238474795134,0.8354465985977694,27
blue,premaxilla,0.8596768293227415,1.7055304881474125,27
blue,eye,2.1885356727136758,1.5123397844306217,28
blue,lowerjaw,0.7140313463484165,1.2006345169066943,28
blue,maxilla,2.1022644468611635,0.8014109242831288,28
blue,premaxilla,0.9782183432576316,1.7787530992459268,28
blue,eye,2.1317082521350126,1.5864396244960375,29
blue,lowerjaw,0.7206140279372754,1.2524209272764444,29
blue,maxilla,2.119288562449581,0.8690907398073988,29
blue,premaxilla,0.9823751102722353,1.701793118109118,29
blue,eye,2.124278104608992,1.5484265678984726,30
blue,lowerjaw,0.6853278595205816,1.2867236607220016,30
blue,maxilla,2.127506159060144,0.745388222323221,30
blue,premaxilla,0.9246906841431172,1.8001851713910095,30
blue,eye,2.123702719737268,1.5911157017972535,31
blue,lowerjaw,0.7052492092483497,1.351359949135769,31
blue,maxilla,2.3050107177970336,0.7706684883387543,31
blue,premaxilla,0.9425196556397486,1.7660574372585651,31
blue,eye,2.0303910789780106,1.6396498307185343,32
blue,lowerjaw,0.704722622731485,1.2039411850568307,32
blue,maxilla,2.2685003956965604,0.8047924727955335,32
blue,premaxilla,0.8223224524281914,1.7374898052980141,32
blue,eye,2.172854108616332,1.6302213184974828,33
blue,lowerjaw,0.6471363796531049,1.1999464277816776,33
blue,maxilla,2.2232800429721133,0.7161190649224562,33
blue,premaxilla,0.7962303002876449,1.7601172572919497,33
blue,eye,2.211355237073826,1.582325466324698,34
blue,lowerjaw,0.6672765686259791,1.1290080560362767,34
blue,maxilla,2.09557501587072,0.8254537657410856,34
blue,premaxilla,0.907535456098875,1.6845140106080305,34
blue,eye,2.1129436742284273,1.5864821286365176,35
blue,lowerjaw,0.6564413143965178,1.2366225744091157,35
blue,maxilla,2.1681730194190054,0.7881600243540119,35
blue,premaxilla,0.9281104912796737,1.7230300565309915,35
blue,eye,2.153507832874918,1.5853216980323463,36
blue,lowerjaw,0.6124739919675164,1.250500159587583,36
blue,maxilla,2.046698068175753,0.8705286679684724,36
blue,premaxilla,0.8627268263938334,1.7668815505318227,36
blue,eye,2.109551456947182,1.585375799261244,37
blue,lowerjaw,0.7252312193525549,1.210456233273915,37
blue,maxilla,2.2164169732592067,0.8786600217476561,37
blue,premaxilla,0.8792199536914673,1.8037497380753245,37
blue,eye,2.2828405297349827,1.6185193702560587,38
blue,lowerjaw,0.7147357061330635,1.2799920289990656,38
blue,maxilla,2.1456688751366646,0.7865993448410555,38
blue,premaxilla,0.8118731473669221,1.669366518259054,38
blue,eye,2.1820392984893564,1.5258123758275923,39
blue,lowerjaw,0.6098501744045163,1.1826589005852584,39
blue,maxilla,2.1412964189819252,0.783768575488122,39
blue,premaxilla,0.825743706062593,1.7406706480687015,39
blue,eye,2.1052107555365893,1.6651300066823282,40
blue,lowerjaw,0.5944579233168265,1.2657055375565935,40
blue,maxilla,2.1269249751821344,0.8517020965861904,40
blue,premaxilla,0.8638526281058435,1.720316694773021,40
blue,eye,2.108435515959251,1.5343899956580225,41
blue,lowerjaw,0.7776533094877995,1.2455311450237816,41
blue,maxilla,2.2050276141023137,0.7777112540924969,41
blue,premaxilla,0.8605065264620649,1.7137115946355155,41
blue,eye,2.123851218265707,1.5665896583264198,42
blue,lowerjaw,0.6247495479394329,1.2855700559814234,42
blue,maxilla,2.242828886507753,0.7929142560693874,42
blue,premaxilla,0.9799409095208182,1.76470608745253,42
blue,eye,2.182620024766698,1.596476499982851,43
blue,lowerjaw,0.6955633431983512,1.3029088634715116,43
blue,maxilla,2.09692613234924,0.854060484988643,43
blue,premaxilla,0.9726056178508552,1.8580086561043754,43
blue,eye,2.16287393858526,1.5833862734153834,44
blue,lowerjaw,0.576076448499196,1.2507630099737823,44
blue,maxilla,2.0718589646178502,0.8319467904261144,44
blue,premaxilla,0.7885782355667533,1.7095050703225037,44
blue,eye,2.068031396398434,1.655753855125387,45
blue,lowerjaw,0.6894480238163593,1.1984060698399286,45
blue,maxilla,2.2722539287758172,0.8337752004008843,45
blue,premaxilla,0.8739154529489712,1.6821963397828479,45
blue,eye,2.2118364040056604,1.6652119824289147,46
blue,lowerjaw,0.7286208594437347,1.200595672863863,46
blue,maxilla,2.121166357573751,0.8197892355543045,46
blue,premaxilla,0.8725881019410945,1.7511403726437518,46
blue,eye,2.096849131010557,1.6333816568462285,47
blue,lowerjaw,0.7220875276324011,1.3188544236597883,47
blue,maxilla,2.1759775459599666,0.8468488928115452,47
blue,premaxilla,0.8369987405160321,1.7024931196557385,47
blue,eye,2.0748334798296937,1.5767887552180222,48
blue,lowerjaw,0.6071151976015835,1.2390603348025742,48
blue,maxilla,2.1226064054644294,0.8374629572963219,48
blue,premaxilla,0.907043331192559,1.7605402011282805,48
blue,eye,2.2407701934636854,1.558649515499218,49
blue,lowerjaw,0.7371712693520052,1.1284454478411412,49
blue,maxilla,2.237299032765657,0.7917837186762878,49
blue,premaxilla,0.9256511082158715,1.7387783272587478,49
blue,eye,2.1407780432107866,1.5998994502442587,50
blue,lowerjaw,0.6184423125237561,1.311639054467216,50
blue,maxilla,2.2164448240720183,0.8040638500326605,50
blue,premaxilla,0.9216445667294852,1.7896912946055437,50
blue,eye,2.04948377472647,1.6863198262051362,51
blue,lowerjaw,0.7259306753271453,1.2241484442369557,51
blue,maxilla,2.166859348892832,0.7690138401682437,51
blue,premaxilla,0.9763401549364789,1.8199010454440983,51
blue,eye,2.1504352544290337,1.542542550348077,52
blue,lowerjaw,0.6466627457703619,1.321786747052062,52
blue,maxilla,2.140920017172377,0.7856813387011278,52
blue,premaxilla,0.8687360732155704,1.8300636527669716,52
blue,eye,2.1477164402306306,1.5432723166488798,53
blue,lowerjaw,0.6182262534360838,1.3486254482321187,53
blue,maxilla,2.163645869510391,0.8590131086889321,53
blue,premaxilla,0.8536396995775,1.7467175597321207,53
blue,eye,2.163167441028699,1.7061834105267688,54
blue,lowerjaw,0.6526058643758433,1.2946273856502744,54
blue,maxilla,2.1178000868235953,0.72174942328998,54
blue,premaxilla,0.8362501087032128,1.766961162717665,54
blue,eye,2.0817209247114405,1.595411525918989,55
blue,lowerjaw,0.615862582248036,1.186726220430286,55
blue,maxilla,2.1794091890075147,0.7802747201136676,55
blue,premaxilla,0.8162810669956593,1.7692347041916292,55
blue,eye,2.1421888305746064,1.6209525305902963,56
blue,lowerjaw,0.726796398183184,1.3168520977185023,56
blue,maxilla,2.167723768562744,0.7888332720554907,56
blue,premaxilla,0.9364378066169239,1.6570904965256072,56
blue,eye,2.075418589092268,1.4841032509227452,57
blue,lowerjaw,0.6059834579508117,1.3553081541370897,57
blue,maxilla,2.222305917431403,0.7808874964574778,57
blue,premaxilla,0.8600890842278232,1.7636297651104886,57
blue,eye,2.1079051165244262,1.5583251317169478,58
blue,lowerjaw,0.6873861853803541,1.1848304829884468,58
blue,maxilla,2.2637694088512617,0.7792461591677904,58
blue,premaxilla,0.8288534567580114,1.7512483393449205,58
blue,eye,2.0946548653993924,1.600991831583718,59
blue,lowerjaw,0.6871342144097715,1.3409086770501935,59
blue,maxilla,2.2960888780842152,0.7792056546114947,59
blue,premaxilla,0.8606269100684634,1.7968567994905844,59
blue,eye,2.1332411750562406,1.5858745635786795,60
blue,lowerjaw,0.5902272696563444,1.2593802521138213,60
blue,maxilla,2.1766786622515526,0.7473152072740343,60
blue,premaxilla,0.835967697644007,1.8231981101932824,60
blue,eye,2.1256199886818914,1.6318461721031816,61
blue,lowerjaw,0.6478905587207533,1.341805521494559,61
blue,maxilla,2.1750600543038083,0.7833213185125204,61
blue,premaxilla,0.9644916929438145,1.809320665234105,61
blue,eye,2.1336692629042355,1.6226342923441466,62
blue,lowerjaw,0.6105398453585935,1.2420038579503192,62
blue,maxilla,2.2590434509694215,0.8123703618123131,62
blue,premaxilla,0.8750550004711025,1.6409080479070903,62
blue,eye,2.0932789395360243,1.7598521560825902,63
blue,lowerjaw,0.7285322796646503,1.2585124847985958,63
blue,maxilla,2.157124190397484,0.8069408719056371,63
blue,premaxilla,0.9028089739930898,1.8316737184973362,63
blue,eye,2.1069244457302285,1.5670995691617737,64
blue,lowerjaw,0.752416645593974,1.1775367622091035,64
blue,maxilla,2.1742222156822635,0.8019451914417853,64
blue,premaxilla,0.8478704937496652,1.8221188265873205,64
blue,eye,2.0613731994523645,1.5381749109402916,65
blue,lowerjaw,0.6940753615470387,1.3124939848617307,65
blue,maxilla,2.2403470828647345,0.8614442667005495,65
blue,premaxilla,0.8618808045358325,1.7278178439137784,65
blue,eye,2.1587660140349105,1.5753506724206099,66
blue,lowerjaw,0.6253480444591489,1.3252898933404809,66
blue,maxilla,2.202931469719707,0.8229452106115108,66
blue,premaxilla,0.9163960100628933,1.7502874622968565,66
blue,eye,2.1507633030476625,1.6507708552577856,67
blue,lowerjaw,0.656856608737554,1.2421832783118145,67
blue,maxilla,2.173032578751661,0.7782681893811707,67
blue,premaxilla,0.9071219592658213,1.7712864245828221,67
blue,eye,2.092362480954864,1.6478186235569292,68
blue,lowerjaw,0.7518820736740287,1.2958162828750686,68
blue,maxilla,2.1004644804586414,0.797312644548356,68
blue,premaxilla,0.8699097389168733,1.7229030757522152,68
blue,eye,2.1021278034325146,1.578550103945562,69
blue,lowerjaw,0.7026319760997121,1.2733690602894858,69
blue,maxilla,2.1726519400660287,0.8037352998473098,69
blue,premaxilla,0.8350467759677751,1.714068518428604,69
blue,eye,2.0696059146837134,1.6034103195004967,70
blue,lowerjaw,0.731132292958365,1.246246423257914,70
blue,maxilla,2.246955149249875,0.8687050328693886,70
blue,premaxilla,0.8150659003953891,1.822779451454588,70
blue,eye,2.111072177475415,1.589992523215672,71
blue,lowerjaw,0.6951579906154924,1.336208031504314,71
blue,maxilla,2.1698153521173933,0.8465526113202269,71
blue,premaxilla,1.005552545853009,1.7257568783835153,71
blue,eye,2.066572406689736,1.582658779328701,72
blue,lowerjaw,0.7897859365987725,1.3739372317706418,72
blue,maxilla,2.1943894453656827,0.8609162791961852,72
blue,premaxilla,0.8105110482221292,1.7618276031776121,72
blue,eye,2.137255104194078,1.5642989040970994,73
blue,lowerjaw,0.6265187432601239,1.2351184509672992,73
blue,maxilla,2.2202959576931125,0.7935656630788754,73
blue,premaxilla,0.9542338340229449,1.7635181602042729,73
blue,eye,2.2193338304272894,1.5118217923216726,74
blue,lowerjaw,0.6024374100543862,1.2975879651604012,74
blue,maxilla,2.32499318644797,0.7481818041831815,74
blue,premaxilla,0.9438539625806666,1.7852209860419301,74
blue,eye,2.1399965716044864,1.5983270834447225,75
blue,lowerjaw,0.6494974372308082,1.1962257841899284,75
blue,maxilla,2.168300683965211,0.8824388024520494,75
blue,premaxilla,0.9749666965906154,1.6862820845472732,75
blue,eye,2.1265639148338833,1.5679492994938886,76
blue,lowerjaw,0.6224790374844071,1.2861441347520581,76
blue,maxilla,2.2095786555405628,0.7856905363360861,76
blue,premaxilla,0.8815022139566756,1.7292600650891,76
blue,eye,2.1450170419562347,1.5944186819665778,77
blue,lowerjaw,0.679453433773254,1.3069295318693102,77
blue,maxilla,2.260666798345376,0.8464375524309105,77
blue,premaxilla,0.7482995845449611,1.7606717108660122,77
blue,eye,2.0684702974044376,1.6354496701292833,78
blue,lowerjaw,0.6346093845151175,1.2463794050986383,78
blue,maxilla,2.0829577272519972,0.8197117692546217,78
blue,premaxilla,0.8684646233338632,1.757762372579463,78
blue,eye,2.133662514068113,1.6145880704045674,79
blue,lowerjaw,0.7392327671714989,1.326723585687921,79
blue,maxilla,2.211698616282076,0.9001142881405061,79
blue,premaxilla,0.9194513911246316,1.742705014342007,79
blue,eye,2.106738376875365,1.5380950232642818,80
blue,lowerjaw,0.6950808165582008,1.1949277921378363,80
blue,maxilla,2.2484827561036442,0.8538940241372772,80
blue,premaxilla,0.9609082878309501,1.7529767524223094,80
blue,eye,2.0728870015674072,1.5735647050405082,81
blue,lowerjaw,0.6784797414906777,1.3272265035292745,81
blue,maxilla,2.265305382438315,0.8042767321007375,81
blue,premaxilla,0.8923750776704066,1.7894770748539848,81
blue,eye,2.1285690871682577,1.5674946769144722,82
blue,lowerjaw,0.6813668146884426,1.3090500361734076,82
blue,maxilla,2.224456385753211,0.8396704790895286,82
blue,premaxilla,0.863038237085221,1.7719462314026768,82
blue,eye,2.0990290341553273,1.6779384907739234,83
blue,lowerjaw,0.6351527683675958,1.2088059062168026,83
blue,maxilla,2.1449785200014277,0.8494335338290396,83
blue,premaxilla,0.9144780625243627,1.8077913568597768,83
blue,eye,2.0922926946042657,1.5492256935760766,84
blue,lowerjaw,0.7385826136003093,1.2059370847580382,84
blue,maxilla,2.2308368626020165,0.7482550901347362,84
blue,premaxilla,0.8187715472524245,1.8203276397884631,84
blue,eye,2.1355697654288237,1.5785781182802554,85
blue,lowerjaw,0.6990709408206098,1.3413903081862137,85
blue,maxilla,2.2250198524502536,0.8219332205674554,85
blue,premaxilla,0.8604519643803592,1.8925285587513905,85
blue,eye,2.1740202211682127,1.6082054045895018,86
blue,lowerjaw,0.7156689937352225,1.2212912918953436,86
blue,maxilla,2.1155311891029505,0.8440332348367506,86
blue,premaxilla,0.7558983503952349,1.7604356551429234,86
blue,eye,2.1371506797520716,1.635045894717338,87
blue,lowerjaw,0.6033789393270936,1.2792227516834,87
blue,maxilla,2.2746477244353973,0.8801790316876429,87
blue,premaxilla,0.8301083714348595,1.6725683894074919,87
blue,eye,2.114259953782104,1.576318863290409,88
blue,lowerjaw,0.7204611300628987,1.3601464818758602,88
blue,maxilla,2.1318119654132235,0.8798420399510818,88
blue,premaxilla,0.877113553865071,1.7624879456521638,88
blue,eye,2.1494973791693,1.5626313041937185,89
blue,lowerjaw,0.740617391603371,1.271769849178735,89
blue,maxilla,2.2300961509302235,0.8453268108233606,89
blue,premaxilla,0.8961423086689964,1.7379363003485095,89
blue,eye,2.17738103741211,1.6543278791375522,90
blue,lowerjaw,0.6981602088533558,1.2954586515826336,90
blue,maxilla,2.1357552303052705,0.9010921192278915,90
blue,premaxilla,0.9207683079826907,1.7377176022449174,90
blue,eye,2.130817034338095,1.6275622624099322,91
blue,lowerjaw,0.6435503098214203,1.2954069866418758,91
blue,maxilla,2.1788531063328533,0.7643567847286244,91
blue,premaxilla,0.8427490508201291,1.7879608864848862,91
blue,eye,2.150129334962989,1.561531063104001,92
blue,lowerjaw,0.6603860502189977,1.2571379862105816,92
blue,maxilla,2.1682294881943744,0.8080253468102719,92
blue,premaxilla,0.9680684248544718,1.92263408842073,92
blue,eye,2.1829157782723576,1.6553335032639356,93
blue,lowerjaw,0.6932630986343227,1.2034712483663823,93
blue,maxilla,2.258582270488247,0.872620821707698,93
blue,premaxilla,0.8663320458999698,1.8133926784691774,93
blue,eye,2.175010118329857,1.6056503473025163,94
blue,lowerjaw,0.6948054197148108,1.2947811800151663,94
blue,maxilla,2.2513292304884067,0.8237445354893645,94
blue,premaxilla,0.8895352562711103,1.75911092817296,94
blue,eye,2.0699476113540243,1.5271431871501964,95
blue,lowerjaw,0.6928701181183073,1.3069068881522539,95
blue,maxilla,2.1754320684057578,0.8608184429998672,95
blue,premaxilla,0.9133680163140866,1.673367565987749,95
blue,eye,2.1647572835681053,1.6327394778914677,96
blue,lowerjaw,0.6726220099437563,1.284071064063293,96
blue,maxilla,2.161232991604944,0.7842377189768095,96
blue,premaxilla,0.9070108676261949,1.7454975401460466,96
blue,eye,2.1608781322148367,1.7043603664596585,97
blue,lowerjaw,0.7237919196210899,1.2493530050318382,97
blue,maxilla,2.0995278290901727,0.7938050534632397,97
blue,premaxilla,0.947756343851362,1.7744024324180017,97
blue,eye,2.160608551263429,1.523153702350572,98
blue,lowerjaw,0.6845434013279131,1.2458577292962205,98
blue,maxilla,2.21637512331148,0.7283880795540479,98
blue,premaxilla,0.8659196799994205,1.791977295914541,98
blue,eye,2.132923357139922,1.5786696121133859,99
blue,lowerjaw,0.6717007854754863,1.3331046353354097,99
blue,maxilla,2.1697525109411955,0.8555975131978424,99
blue,premaxilla,0.9053338701979395,1.7182892396417204,99
blue,eye,2.090117447411998,1.629610918779526,100
blue,lowerjaw,0.6643788210672062,1.2563424702727728,100
blue,maxilla,2.2657377622954313,0.8212784430362109,100
blue,premaxilla,0.7948234712322829,1.76040653872817,100
green,eye,2.5184671009865527,2.06083838611135,1
green,lowerjaw,0.5990064937560656,1.2748486394427885,1
green,maxilla,2.176449932697873,0.9914775697397736,1
green,premaxilla,0.8075525288547069,1.6072779178326675,1
green,eye,2.5719112611561075,1.9842060621380992,2
green,lowerjaw,0.5308201180848736,1.319159730666067,2
green,maxilla,2.244012660674082,1.0052616178367915,2
green,premaxilla,0.8955145373837642,1.5880414323888488,2
green,eye,2.567481881196925,1.9982216756137412,3
green,lowerjaw,0.620886791888845,1.3202651240976553,3
green,maxilla,2.126925026526387,0.9626026713254338,3
green,premaxilla,0.9427950904583731,1.564275174763751,3
green,eye,2.600941732500611,2.0239478192314593,4
green,lowerjaw,0.5269288718574318,1.3122832100801722,4
green,maxilla,2.1941622395435956,0.8925535730299823,4
green,premaxilla,0.9114626368054974,1.632342172714677,4
green,eye,2.5272179629786873,1.9608901197347965,5
green,lowerjaw,0.5860013727238329,1.3267223807841682,5
green,maxilla,2.1452622255838625,0.9892440702292764,5
green,premaxilla,0.9576833991571485,1.626927168635606,5
green,eye,2.498584668247523,2.099941169396572,6
green,lowerjaw,0.4803136928214482,1.2465284622943111,6
green,maxilla,2.2008646565002463,0.983244396878621,6
green,premaxilla,0.8683691779713115,1.5773351014972214,6
green,eye,2.589788902195018,1.972493338099604,7
green,lowerjaw,0.527534140588497,1.3500664755783016,7
green,maxilla,2.157913506067758,1.0581259549987558,7
green,premaxilla,0.8924387766209502,1.6319610123667398,7
green,eye,2.5241831634002487,2.003814597975455,8
green,lowerjaw,0.4542097221816607,1.2012112367266812,8
green,maxilla,2.145328359208245,0.9262054734698567,8
green,premaxilla,0.890600946840391,1.5665105639208416,8
green,eye,2.557285158474013,2.0118780937821077,9
green,lowerjaw,0.5822903092284719,1.3069907408965613,9
green,maxilla,2.1966442554720995,0.965698749332092,9
green,premaxilla,0.9141566928941894,1.6792733812724943,9
green,eye,2.543956665139372,2.049404063548512,10
green,lowerjaw,0.5558588305825125,1.204528396715805,10
green,maxilla,2.1772300878923527,0.8741394894064871,10
green,premaxilla,0.9110780911996057,1.6345271264486199,10
green,eye,2.602648051042671,2.0272994350240476,11
green,lowerjaw,0.5875701157571342,1.247638769947395,11
green,maxilla,2.1635038086764777,0.9560597173630908,11
green,premaxilla,0.9342530931112208,1.6337937570144248,11
green,eye,2.6389356790565808,1.976108755324006,12
green,lowerjaw,0.5297705830913668,1.323508828872097,12
green,maxilla,2.2507642035572397,0.8629563549104635,12
green,premaxilla,0.8678078342142622,1.520214638482624,12
green,eye,2.5355967481173156,1.9735676586598225,13
green,lowerjaw,0.5435961432479006,1.2748913499801278,13
green,maxilla,2.194221911542057,0.9835368129155233,13
green,premaxilla,0.9323207954687802,1.6155817729766284,13
green,eye,2.509186261136007,2.0834067415785924,14
green,lowerjaw,0.5437250615640875,1.2490104789739875,14
green,maxilla,2.0830008425692497,0.9814430669989426,14
green,premaxilla,0.8554957070326334,1.6280141683182265,14
green,eye,2.568065673608604,2.0014172608705816,15
green,lowerjaw,0.568202394005352,1.4129047254936833,15
green,maxilla,2.065720520667018,1.0337567890937,15
green,premaxilla,0.9217076621539494,1.6453344210792773,15
green,eye,2.6263084115820106,2.067028003036225,16
green,lowerjaw,0.4998071569496,1.4373962882876772,16
green,maxilla,2.162812658011647,0.9906983404583635,16
green,premaxilla,0.9928024268450623,1.6174605124729564,16
green,eye,2.5178091034043866,2.0039848768773516,17
green,lowerjaw,0.5396474036848964,1.3055912905830491,17
green,maxilla,2.1824628084130757,1.0624722313083508,17
green,premaxilla,0.8168235157152448,1.5004176407253815,17
green,eye,2.5944050315505875,1.9972031972751434,18
green,lowerjaw,0.5722375937394463,1.3365551034874554,18
green,maxilla,2.2905967186427074,0.9459956709413752,18
green,premaxilla,0.8272179210978694,1.621576172265618,18
green,eye,2.5326246241607704,2.013859945421664,19
green,lowerjaw,0.5908816293008846,1.3502592700331917,19
green,maxilla,2.1277700378255715,1.04003474603642,19
green,premaxilla,0.8863304028562543,1.5519741744528737,19
green,eye,2.542513847773433,1.8686561924731646,20
green,lowerjaw,0.5775572396006666,1.2650707548241389,20
green,maxilla,2.074536213283252,1.0150605294778277,20
green,premaxilla,0.9141816151038036,1.6565771287774893,20
green,eye,2.562471560993006,1.9564204787969615,21
green,lowerjaw,0.5561141436447391,1.2959558831015645,21
green,maxilla,2.1619029301802324,0.884154227225378,21
green,premaxilla,1.0167426481412238,1.6148623783018028,21
green,eye,2.574876326021969,1.9721574632783463,22
green,lowerjaw,0.48627667977353217,1.2152293062188273,22
green,maxilla,2.228528250803718,0.9418253827425341,22
green,premaxilla,0.8691778192749539,1.6033561816903754,22
green,eye,2.5025582648373526,2.1259727951902527,23
green,lowerjaw,0.6560802308613687,1.2622205724149806,23
green,maxilla,2.1727783393299225,0.9218249136094467,23
green,premaxilla,0.9537024150423488,1.655230637886585,23
green,eye,2.564542793541799,1.9690061238011813,24
green,lowerjaw,0.5465271074858145,1.306514936089648,24
green,maxilla,2.1205120803116,0.8774016989751032,24
green,premaxilla,0.9568777183109185,1.6367649156244415,24
green,eye,2.584123016950924,1.9961650256898353,25
green,lowerjaw,0.6040521092744356,1.4428898337232892,25
green,maxilla,2.3677565066062343,0.9638850617897821,25
green,premaxilla,0.9333738538962201,1.6005540666246636,25
green,eye,2.569656967202756,1.973782955288546,26
green,lowerjaw,0.6074623372941939,1.295199768989188,26
green,maxilla,2.013800556623789,1.0249643375764206,26
green,premaxilla,0.9145231562343543,1.6266914444530365,26
green,eye,2.5913494798354177,1.9670386559021762,27
green,lowerjaw,0.4883348365393699,1.2979022403784364,27
green,maxilla,2.1556505863684827,1.0323500765835474,27
green,premaxilla,0.9216731105821843,1.4986585939648385,27
green,eye,2.5241365156579096,2.0504502488724294,28
green,lowerjaw,0.559406285196842,1.3868318061512417,28
green,maxilla,2.189250737999495,0.9161471452667241,28
green,premaxilla,0.9451670224578835,1.5476696832161922,28
green,eye,2.4462609573018503,1.894586140118489,29
green,lowerjaw,0.41627624747427416,1.335610249566844,29
green,maxilla,2.2754932279527407,0.9576983116502971,29
green,premaxilla,0.9608501663843448,1.531920884251,29
green,eye,2.5238821487810923,2.0574077161194784,30
green,lowerjaw,0.6398914407073857,1.335398479073844,30
green,maxilla,2.185626448552981,0.9970958356695766,30
green,premaxilla,1.0430220553137528,1.5800893595873748,30
green,eye,2.5093358585822547,2.030057135685412,31
green,lowerjaw,0.5400579495727728,1.357488486821589,31
green,maxilla,2.209441959968766,1.0188564205949269,31
green,premaxilla,0.9688609096494682,1.579102791812631,31
green,eye,2.620580674976863,1.948989631630591,32
green,lowerjaw,0.5159199242808099,1.3050592022320053,32
green,maxilla,2.1602931381854407,0.9065354362530653,32
green,premaxilla,0.8447491616494567,1.6702287439516605,32
green,eye,2.4935051771748578,2.0848870728789377,33
green,lowerjaw,0.5252336520494906,1.2024890151135361,33
green,maxilla,2.208147488892055,1.077588999446061,33
green,premaxilla,0.9499723149157753,1.5632978865410667,33
green,eye,2.608325531564174,1.9367286380382074,34
green,lowerjaw,0.5727940020699063,1.285335725003659,34
green,maxilla,2.250138912106694,1.0315501889142278,34
green,premaxilla,0.9255734818397597,1.6198882184820993,34
green,eye,2.4410389793656244,2.091960221305084,35
green,lowerjaw,0.5566180408498123,1.279627016078173,35
green,maxilla,2.167412724341764,0.9822742821049644,35
green,premaxilla,0.8310844230581277,1.6639746697170195,35
green,eye,2.630019964635961,1.926457988904908,36
green,lowerjaw,0.5927462025115386,1.3073734336329403,36
green,maxilla,2.2630788103925568,0.9592477897649506,36
green,premaxilla,0.9745375519672925,1.5643969597614262,36
green,eye,2.5541362844612827,2.0112361966614345,37
green,lowerjaw,0.5509164743167548,1.3177935069508575,37
green,maxilla,2.1563227669098755,0.934264602773131,37
green,premaxilla,0.8624420022876448,1.629763068560033,37
green,eye,2.611920118829491,1.9712018640724736,38
green,lowerjaw,0.4795477073325931,1.3430136067582092,38
green,maxilla,2.287024419104192,1.0647055986487668,38
green,premaxilla,1.002724466954831,1.6482758233375205,38
green,eye,2.5208389441184065,1.942681211663178,39
green,lowerjaw,0.6031574342729071,1.3300306170961478,39
green,maxilla,2.1983275787400007,1.0263113570552636,39
green,premaxilla,0.9187548294757899,1.64006973236715,39
green,eye,2.5249607569476855,2.0344572097703497,40
green,lowerjaw,0.44891668087363484,1.299466399205644,40
green,maxilla,2.185945351910524,0.9776946461032651,40
green,premaxilla,0.8979576388385367,1.664325932051478,40
green,eye,2.600665315520847,2.086503009724067,41
green,lowerjaw,0.6031318555005732,1.3520623791797342,41
green,maxilla,2.229044070545041,1.0078204001510882,41
green,premaxilla,0.9242750397218144,1.5591101066728852,41
green,eye,2.548691409321934,1.9794729261089512,42
green,lowerjaw,0.4968531833922797,1.3197164815459181,42
green,maxilla,2.158207448222452,0.9454370590120679,42
green,premaxilla,0.9322945423793382,1.630661400003494,42
green,eye,2.6042087775408045,2.0387661643459114,43
green,lowerjaw,0.6353742521892207,1.2776300120959483,43
green,maxilla,2.1032081298761747,0.9541091067518299,43
green,premaxilla,0.9914806512067171,1.7090233461894906,43
green,eye,2.4776471421172017,1.9154395920738012,44
green,lowerjaw,0.5414109291568376,1.313440874518034,44
green,maxilla,2.2713011063529622,1.0237598398654035,44
green,premaxilla,0.9145606209996935,1.5569332597749264,44
green,eye,2.572025976847998,2.048041840729646,45
green,lowerjaw,0.5785625458080121,1.2639655909777292,45
green,maxilla,2.112437680317153,1.0070778945371885,45
green,premaxilla,0.9614818176430834,1.6761118476586672,45
green,eye,2.6178837747640933,2.0286534720248155,46
green,lowerjaw,0.530167331390074,1.3131325127502773,46
green,maxilla,2.1914819242485137,1.0054104949828393,46
green,premaxilla,0.9468915298091493,1.6655960312315223,46
green,eye,2.608221327811305,1.9904341793591402,47
green,lowerjaw,0.6435052087672547,1.1805797652828975,47
green,maxilla,2.205843166329078,0.9362156050591652,47
green,premaxilla,0.7838095738006243,1.5716847359032204,47
green,eye,2.4796308867028114,2.011853308375078,48
green,lowerjaw,0.5229073627982228,1.299060474278687,48
green,maxilla,2.169334130604647,1.0108191790093706,48
green,premaxilla,0.8665480283120937,1.5513480150741943,48
green,eye,2.620693434614293,2.050896449042126,49
green,lowerjaw,0.5784207265569739,1.2984227820072638,49
green,maxilla,2.2318630037421086,0.9951813795392189,49
green,premaxilla,0.9498853495729532,1.6638889416748381,49
green,eye,2.529020834561051,1.9886049394099494,50
green,lowerjaw,0.5361192098644693,1.217711071314504,50
green,maxilla,2.1690622667644144,1.0055126429483376,50
green,premaxilla,0.7655651723823369,1.5522546363557568,50
green,eye,2.566688431395642,1.8905034074505471,51
green,lowerjaw,0.4859962833060286,1.3178673202277238,51
green,maxilla,2.1906467338707007,0.9804941271347318,51
green,premaxilla,0.8653429125422497,1.679402315282959,51
green,eye,2.567537376420728,1.9864399181419918,52
green,lowerjaw,0.6395703043898151,1.3807979034331506,52
green,maxilla,2.1809332647147595,1.0162607041549603,52
green,premaxilla,0.8939501698532235,1.6286861852340673,52
green,eye,2.5627075998742965,1.9291901202560493,53
green,lowerjaw,0.5120450726266946,1.2969834568318621,53
green,maxilla,2.10784671338331,1.016360521866013,53
green,premaxilla,0.8534237167515646,1.6597648494942425,53
green,eye,2.529803223468431,2.017579272643662,54
green,lowerjaw,0.4025920772332844,1.3728229826877554,54
green,maxilla,2.2427074200698844,0.9479879289489953,54
green,premaxilla,0.849317293931037,1.688559291777814,54
green,eye,2.5344894664833038,2.029806295681558,55
green,lowerjaw,0.4919989443812675,1.2823870954191285,55
green,maxilla,2.131251764948814,0.9555529644666261,55
green,premaxilla,0.974657435830305,1.556264972282679,55
green,eye,2.47763909641029,2.0468220394326977,56
green,lowerjaw,0.5529835006590386,1.296607025728017,56
green,maxilla,2.1539387612099294,1.0201682043597358,56
green,premaxilla,0.8866471127883506,1.653018725992104,56
green,eye,2.610067990624883,1.9949245415735468,57
green,lowerjaw,0.5961977150241599,1.3262218333677234,57
green,maxilla,2.253952210064799,0.9244150726848726,57
green,premaxilla,0.9466819174074259,1.5022560256072275,57
green,eye,2.4690853127031853,2.0319505494556718,58
green,lowerjaw,0.5118849571006832,1.2627164209249218,58
green,maxilla,2.146210288144285,1.0451082924860355,58
green,premaxilla,0.8933487039520941,1.6355208656661961,58
green,eye,2.572973710295287,2.0024807787305026,59
green,lowerjaw,0.55005761144361,1.3811708318214382,59
green,maxilla,2.1599417432234063,0.985522901300498,59
green,premaxilla,0.8482027292348906,1.6434923392397283,59
green,eye,2.6119700980903295,2.0698419018781324,60
green,lowerjaw,0.5474067064440036,1.3197753641509653,60
green,maxilla,2.1691171762472523,0.9710835691319736,60
green,premaxilla,0.9193037391204186,1.6768720629670535,60
green,eye,2.497468474374265,2.060542356758293,61
green,lowerjaw,0.49226463079304417,1.2441637926226878,61
green,maxilla,2.1847657907035396,0.9805201292287751,61
green,premaxilla,0.9141244733846171,1.6208722319863782,61
green,eye,2.5703576902494802,1.9720736126395926,62
green,lowerjaw,0.6456573410645848,1.4128810748006295,62
green,maxilla,2.1625660525778096,0.9691418404225082,62
green,premaxilla,0.9818778256816367,1.5169176542257405,62
green,eye,2.5773139789156643,2.0878074282846333,63
green,lowerjaw,0.6301491981940389,1.283252305078879,63
green,maxilla,2.246247114300943,0.9924521221007074,63
green,premaxilla,0.9015842579497214,1.5738910738687153,63
green,eye,2.5919039475077685,1.939632758995421,64
green,lowerjaw,0.5377503647068356,1.2750122734770446,64
green,maxilla,2.2087350016044707,1.0327979556411113,64
green,premaxilla,0.9960172126621154,1.5829877989266699,64
green,eye,2.512897246186201,1.998175677131016,65
green,lowerjaw,0.5484079891436788,1.29500022280545,65
green,maxilla,2.1375515660014686,0.9886596481600641,65
green,premaxilla,0.9779212057728075,1.6319731713804935,65
green,eye,2.5106206545407415,1.9302119019271213,66
green,lowerjaw,0.5370070898520178,1.348076142658471,66
green,maxilla,2.271436788075525,0.9767240577284455,66
green,premaxilla,0.9065199949120544,1.5351926426370985,66
green,eye,2.61224390250518,2.0331681906115984,67
green,lowerjaw,0.4763451337984289,1.2001846926557267,67
green,maxilla,2.1844631517793998,0.9988993065976705,67
green,premaxilla,0.8100105029521939,1.622570968833698,67
green,eye,2.5099699131748325,1.9119357625578761,68
green,lowerjaw,0.6128549996814637,1.3372827725937741,68
green,maxilla,2.164711414553888,1.0217341516337175,68
green,premaxilla,0.8930817003754373,1.5921287624261213,68
green,eye,2.531336922468083,2.039969689174962,69
green,lowerjaw,0.536313254733738,1.3018315423063724,69
green,maxilla,2.200202069656603,0.9631996688124438,69
green,premaxilla,0.9061061925447761,1.5869731331374504,69
green,eye,2.572398830306666,2.042382087309514,70
green,lowerjaw,0.5812204710408817,1.2777820581750672,70
green,maxilla,2.2298506368746223,0.972066864533777,70
green,premaxilla,0.8682414779984823,1.5904314432366335,70
green,eye,2.5481036355638174,1.9924884174981936,71
green,lowerjaw,0.5931658891647025,1.296619389805594,71
green,maxilla,2.132236521784147,1.0216871466635797,71
green,premaxilla,0.9040739611189129,1.645220349086256,71
green,eye,2.5543688639100464,1.978430630763226,72
green,lowerjaw,0.4681831960283571,1.3224820229587189,72
green,maxilla,2.2080745192393154,0.8885450428639401,72
green,premaxilla,0.8762873248148509,1.625525942562596,72
green,eye,2.543168190427137,2.0488515441228192,73
green,lowerjaw,0.49941952131963063,1.273017981945164,73
green,maxilla,2.229034707516143,1.109808024404759,73
green,premaxilla,0.9229203426573972,1.5815078738446056,73
green,eye,2.5035998964653543,2.0203537876273368,74
green,lowerjaw,0.5423563323724893,1.2719597899260557,74
green,maxilla,2.186502591286854,0.9875808394229799,74
green,premaxilla,0.9826861394160624,1.6563421334712767,74
green,eye,2.5881380911184926,1.8978442360111059,75
green,lowerjaw,0.5852307404986409,1.338915821459404,75
green,maxilla,2.273678275111571,1.0346828049403107,75
green,premaxilla,0.9579321610080406,1.569388404966768,75
green,eye,2.491192275153325,1.9959665641129642,76
green,lowerjaw,0.5756404229102043,1.2244598758907974,76
green,maxilla,2.2235764199925727,0.9957215657052595,76
green,premaxilla,0.8730617046549869,1.5405568391802869,76
green,eye,2.554755485218663,1.9842854646531844,77
green,lowerjaw,0.559753429302172,1.2765088448838622,77
green,maxilla,2.1829051569380264,1.058777151469593,77
green,premaxilla,1.022731114270809,1.5205238013615225,77
green,eye,2.564385555049457,1.9931102310348878,78
green,lowerjaw,0.5514145254389872,1.2741765402962544,78
green,maxilla,2.161408488107599,0.9753585970897464,78
green,premaxilla,0.9147064927982905,1.6872709652973898,78
green,eye,2.5539659789789004,1.9728236694389283,79
green,lowerjaw,0.5595911715739251,1.2945205365107109,79
green,maxilla,2.276786529380811,0.9562467449715395,79
green,premaxilla,0.8779340442049749,1.5845447958173913,79
green,eye,2.4791549098601227,1.951283719396105,80
green,lowerjaw,0.46696734252222827,1.3084077353425079,80
green,maxilla,2.2443747367539477,0.9754897475758336,80
green,premaxilla,0.8714665561345551,1.5563780363588493,80
green,eye,2.606300510823279,2.005786923247615,81
green,lowerjaw,0.6072865003492125,1.3589014566199062,81
green,maxilla,2.155790925584715,0.9607898537310189,81
green,premaxilla,0.8446559276379713,1.592528305026714,81
green,eye,2.506999297489583,1.9572436679662928,82
green,lowerjaw,0.6383315334052541,1.3491282665280302,82
green,maxilla,2.179159391697705,0.9418236532587161,82
green,premaxilla,0.9168624460232586,1.5909591033855806,82
green,eye,2.444436183072247,1.9621766768481637,83
green,lowerjaw,0.5049831451928106,1.3742447303819538,83
green,maxilla,2.205612703246244,0.990317849820589,83
green,premaxilla,1.0014722949365231,1.5398722886186096,83
green,eye,2.4803431599348427,2.009665190536295,84
green,lowerjaw,0.6703510547888961,1.2979322238623487,84
green,maxilla,2.088797036985755,0.8985113977476998,84
green,premaxilla,0.9623001740330305,1.6221748666286329,84
green,eye,2.5627110120596903,2.059188744692371,85
green,lowerjaw,0.6470101274092701,1.3485511359010824,85
green,maxilla,2.0701130025674828,1.0039028183943894,85
green,premaxilla,0.9195471710920247,1.5603764154978519,85
green,eye,2.573273190692511,1.9140346797048655,86
green,lowerjaw,0.4875494477308995,1.2681263940393515,86
green,maxilla,2.179025024489626,0.9067979084213202,86
green,premaxilla,0.9252292906867787,1.5845060660651302,86
green,eye,2.450128982716029,2.0130119402891884,87
green,lowerjaw,0.5974214900991953,1.3040587956716396,87
green,maxilla,2.2058292592365967,1.0113519473500658,87
green,premaxilla,0.9601815091180534,1.6191728493312132,87
green,eye,2.5404509820518797,2.0012270316960654,88
green,lowerjaw,0.47368670373199545,1.344795577334189,88
green,maxilla,2.204853406491534,0.9926873170612603,88
green,premaxilla,0.9621338012473277,1.6251613201976747,88
green,eye,2.49950364375375,2.0010293763012363,89
green,lowerjaw,0.6791480125579348,1.2797718575193027,89
green,maxilla,2.1918977149455996,1.021998154264264,89
green,premaxilla,0.9548956835093421,1.6594985432359108,89
green,eye,2.6313523910288565,1.9549768283245463,90
green,lowerjaw,0.48471387778952335,1.3564547132480154,90
green,maxilla,2.1698753615501274,0.9572169971017661,90
green,premaxilla,0.8840688682342539,1.6132588404128863,90
green,eye,2.5540544575456225,2.096832750333974,91
green,lowerjaw,0.5428340624733755,1.272090582693237,91
green,maxilla,2.1753027453954634,0.978540917012719,91
green,premaxilla,0.9374577090680573,1.5957906262152435,91
green,eye,2.507940171136951,2.00562452827007,92
green,lowerjaw,0.5272505322116152,1.3214879123682264,92
green,maxilla,2.113016239991887,0.944923037027775,92
green,premaxilla,0.9784976428111057,1.5739949312849997,92
green,eye,2.58766528144215,2.051682586975133,93
green,lowerjaw,0.5720305868008108,1.318292952963375,93
green,maxilla,2.148822507379603,0.9780118738439465,93
green,premaxilla,0.975630264948467,1.6052270085361753,93
green,eye,2.588317649958535,2.0328916160672414,94
green,lowerjaw,0.5323023333534849,1.3323255630078432,94
green,maxilla,2.2163426968558935,0.9593965959602578,94
green,premaxilla,0.8934939415994414,1.6502462251617975,94
green,eye,2.6095592106274745,2.011844035974325,95
green,lowerjaw,0.512302246413202,1.3673656603681474,95
green,maxilla,2.1515297246180385,0.9479906263000261,95
green,premaxilla,0.908160831071976,1.5689464072651964,95
green,eye,2.6056804896411596,1.9404210298389104,96
green,lowerjaw,0.5430760874947074,1.1873936348923761,96
green,maxilla,2.1288045358864864,0.9398006472450783,96
green,premaxilla,0.9255198162507601,1.5978492722549351,96
green,eye,2.574100722591195,2.0241926305929137,97
green,lowerjaw,0.5560789586426786,1.3028951952958583,97
green,maxilla,2.235356830381814,1.0537574985948486,97
green,premaxilla,0.9306013616128739,1.6152594271792253,97
green,eye,2.5002207037182225,2.0187744984189937,98
green,lowerjaw,0.5490614976437422,1.2418276688612604,98
green,maxilla,2.1066283302076396,0.9854562420149914,98
green,premaxilla,0.9284669485477173,1.613249968509874,98
green,eye,2.574311787985384,2.044907711803293,99
green,lowerjaw,0.5524156007255232,1.3566485479553296,99
green,maxilla,2.1885677100313123,1.015260662213075,99
green,premaxilla,0.9169158939113159,1.6235221028103206,99
green,eye,2.5414588400240294,1.973083982869851,100
green,lowerjaw,0.5916948349328598,1.3552105090912034,100
green,maxilla,2.0825386196807556,1.0451118542728504,100
green,premaxilla,1.0281163087299756,1.6448086778050743,100
red,eye,2.0992940816797585,2.0506926732500728,1
red,lowerjaw,0.7186713073649209,1.3489681992532867,1
red,maxilla,2.2128417279116204,0.919669558576814,1
red,premaxilla,0.7099334850942861,1.6853634133281976,1
red,eye,2.1917256163902685,1.9446664094034982,2
red,lowerjaw,0.6156397202286666,1.371347950766811,2
red,maxilla,2.206197483626104,1.0122077537623264,2
red,premaxilla,0.7211372363397608,1.7545897574626208,2
red,eye,2.099274439994707,1.9533483220229042,3
red,lowerjaw,0.580784844766484,1.4385823421551749,3
red,maxilla,2.137676977309887,0.9792112125933059,3
red,premaxilla,0.682136962237431,1.709220300104558,3
red,eye,2.1685363450904602,2.016353660187515,4
red,lowerjaw,0.6654271519503401,1.4219378947706374,4
red,maxilla,2.1999604378175968,1.0278450419114542,4
red,premaxilla,0.7093947619959389,1.6964704664589585,4
red,eye,2.140732319495204,1.8809367964515304,5
red,lowerjaw,0.60656475585155,1.3254598482951887,5
red,maxilla,2.206213841653126,0.9150328048463422,5
red,premaxilla,0.7390859445037191,1.6530622999056737,5
red,eye,2.066582172113127,2.0236952899188574,6
red,lowerjaw,0.5486236432565601,1.3184701242882204,6
red,maxilla,2.1130251919865297,0.8824101668153688,6
red,premaxilla,0.7178827939392937,1.7489197633546487,6
red,eye,2.0674683316801645,1.8988973713148412,7
red,lowerjaw,0.6201945191782043,1.387441158101081,7
red,maxilla,2.1095625875872606,1.0071599162700386,7
red,premaxilla,0.7525379644910131,1.8071371379040349,7
red,eye,2.1393402253943097,1.8609541719651157,8
red,lowerjaw,0.6582762990497724,1.3920438762411036,8
red,maxilla,2.2085571648972393,0.9736743045102403,8
red,premaxilla,0.8500057189012358,1.7245029211129883,8
red,eye,2.115166173066685,1.9861707484758306,9
red,lowerjaw,0.6248019890415993,1.3852260592096197,9
red,maxilla,2.1670129143497867,0.8250901238273012,9
red,premaxilla,0.82863294393358,1.7072872437425803,9
red,eye,2.1024001278254416,1.9252529467892072,10
red,lowerjaw,0.6205975094050031,1.3727157916926565,10
red,maxilla,2.194560940429112,0.9701365923333727,10
red,premaxilla,0.8491073102388711,1.7881102938656743,10
red,eye,2.0936460063348314,2.01396672162092,11
red,lowerjaw,0.6332424680092692,1.4196278969224236,11
red,maxilla,2.0752913787879335,0.9924355238677377,11
red,premaxilla,0.7182539861076729,1.6694717572154234,11
red,eye,2.0659213014928257,1.9485031570395341,12
red,lowerjaw,0.5868281470871493,1.3296351404284446,12
red,maxilla,2.1660898535798,1.009817852338454,12
red,premaxilla,0.7139787266073893,1.78143126833129,12
red,eye,2.233250845054516,2.020569415432348,13
red,lowerjaw,0.5895399212881492,1.3563089299935456,13
red,maxilla,2.242798870408899,0.8525524163959722,13
red,premaxilla,0.669487922139425,1.813053564325301,13
red,eye,2.146274330557994,1.9068388108559615,14
red,lowerjaw,0.5609848124171837,1.3935523881515397,14
red,maxilla,2.21945716913604,0.9220419891868454,14
red,premaxilla,0.8135456347816795,1.733129058015531,14
red,eye,2.0447102347896347,1.932469047283205,15
red,lowerjaw,0.5436230268899731,1.4353085782413009,15
red,maxilla,2.1662539562984584,0.8904905711854761,15
red,premaxilla,0.755699881569635,1.6742377385829266,15
red,eye,2.2460738488376446,1.8769142589739607,16
red,lowerjaw,0.5396996113904989,1.3661885072324342,16
red,maxilla,2.1415694711319153,0.9611687785749082,16
red,premaxilla,0.6817651555782175,1.8808183692003964,16
red,eye,2.1395935190109476,2.0011734008677995,17
red,lowerjaw,0.59212953009255,1.3382801189407503,17
red,maxilla,2.2274173704783338,0.9069107402269247,17
red,premaxilla,0.7423343435090674,1.802292040821195,17
red,eye,2.046192239533463,1.958337933990919,18
red,lowerjaw,0.6326073207880704,1.459962579985401,18
red,maxilla,2.186042912558339,0.9347897768330503,18
red,premaxilla,0.8206872531167467,1.747391869213693,18
red,eye,2.1033238785197206,1.9332518123774625,19
red,lowerjaw,0.6456488121946846,1.4677457316264642,19
red,maxilla,2.209766748956355,0.8540466224846426,19
red,premaxilla,0.8655349125965777,1.7016172363032642,19
red,eye,2.1030326463555182,2.0325276257897236,20
red,lowerjaw,0.6859704087822003,1.3515097259156907,20
red,maxilla,2.151252510378424,0.8713518920825094,20
red,premaxilla,0.6962012334637392,1.7068978822191725,20
red,eye,2.1477693448903796,2.075856364951502,21
red,lowerjaw,0.6173703220929113,1.4760831276947544,21
red,maxilla,2.179885507014469,0.92407822207383294,21
red,premaxilla,0.8009180847892353,1.6633903822070353,21
red,eye,2.16990527462897,2.0019112524041374,22
red,lowerjaw,0.6659719587375306,1.3923323664275429,22
red,maxilla,2.1443109980039416,0.9840275975244395,22
red,premaxilla,0.7984450016940055,1.7698924471946411,22
red,eye,2.0747099964457716,2.0428990709292023,23
red,lowerjaw,0.57043232264646,1.3633218354641412,23
red,maxilla,2.1672100980394435,0.9798691002532021,23
red,premaxilla,0.7848767264010332,1.6967284078703107,23
red,eye,2.0973937108286282,1.9292854382987132,24
red,lowerjaw,0.6558429005443124,1.5036106968793945,24
red,maxilla,2.1823954690389855,0.9630952261799867,24
red,premaxilla,0.7651604060852925,1.737246548266795,24
red,eye,2.1081725727488934,2.0329041136209574,25
red,lowerjaw,0.5127054802746698,1.423404106294644,25
red,maxilla,2.2519744963784882,0.9974892959151037,25
red,premaxilla,0.763243079640055,1.691735810352051,25
red,eye,2.043356263008987,1.8675481575786457,26
red,lowerjaw,0.5398612570810126,1.368981832988107,26
red,maxilla,2.2188437172918074,0.9332260655417965,26
red,premaxilla,0.7211289487006943,1.7596434265247167,26
red,eye,2.1374729911749206,1.8635261866638997,27
red,lowerjaw,0.5712967020146207,1.37660496914693,27
red,maxilla,2.1784186130702725,0.9827767243642707,27
red,premaxilla,0.8050988287463128,1.7881244741360034,27
red,eye,2.1001591406637936,2.0151824801171574,28
red,lowerjaw,0.6661628146637515,1.4370216102127609,28
red,maxilla,2.167127169357344,0.8717323304034149,28
red,premaxilla,0.7954692890393028,1.750679419577373,28
red,eye,2.138818285775258,1.9403455045854738,29
red,lowerjaw,0.5694677644276964,1.3539959200906966,29
red,maxilla,2.1743448673810923,0.9595807606673069,29
red,premaxilla,0.7880724346392541,1.651970413388286,29
red,eye,2.101887492718611,1.9938868240055196,30
red,lowerjaw,0.6220228205870415,1.2551642141694086,30
red,maxilla,2.1864185694643745,0.8847065550128063,30
red,premaxilla,0.7239374124522411,1.7168990393643973,30
red,eye,2.103114408284292,2.0011560957944905,31
red,lowerjaw,0.6037223700440361,1.373015493586572,31
red,maxilla,2.1983082056076824,0.9391062324151859,31
red,premaxilla,0.7664090115094313,1.8023355479521048,31
red,eye,2.1173563396315265,1.9434721582412469,32
red,lowerjaw,0.6146213639289552,1.3282848176447946,32
red,maxilla,2.269953284631303,0.9526272209282185,32
red,premaxilla,0.789241123327016,1.7470069387500264,32
red,eye,2.0227008373923474,1.9476807966998257,33
red,lowerjaw,0.5592527261359241,1.4109626767872803,33
red,maxilla,2.154778423178915,0.9395561071963219,33
red,premaxilla,0.7628602244150077,1.6832907035910203,33
red,eye,2.1363181978734342,2.0266998929332187,34
red,lowerjaw,0.6213008982740669,1.3971797834777593,34
red,maxilla,2.1900904665367342,0.9901781977760797,34
red,premaxilla,0.6888722970679634,1.720167606332126,34
red,eye,2.1224742359469446,1.8760730974715745,35
red,lowerjaw,0.6444388973360474,1.2987795305553564,35
red,maxilla,2.2432630003560097,0.8985820141521841,35
red,premaxilla,0.787659768180657,1.7757690436452807,35
red,eye,2.1386767783207628,1.920055816463995,36
red,lowerjaw,0.5969276399127728,1.314758247439617,36
red,maxilla,2.2309566669927032,0.986062278529044,36
red,premaxilla,0.7987898788947583,1.7173467686584332,36
red,eye,2.044421910301236,1.9628261973945056,37
red,lowerjaw,0.6067537606503872,1.3268577611169987,37
red,maxilla,2.225734070389944,0.8707985614985099,37
red,premaxilla,0.723543703654986,1.7879178520135035,37
red,eye,2.136384344339853,1.9959665247797718,38
red,lowerjaw,0.5861474155373522,1.5214701222112412,38
red,maxilla,2.1214447947735353,0.9478003577196302,38
red,premaxilla,0.8474548354292044,1.736815975432836,38
red,eye,2.068791142858175,1.85746030731227,39
red,lowerjaw,0.5929439724163964,1.4403899097126336,39
red,maxilla,2.239605022699383,0.8977990871344224,39
red,premaxilla,0.6440697710242869,1.6982339718748662,39
red,eye,2.160419553435411,1.9249606185893131,40
red,lowerjaw,0.5544022164895384,1.3798116158852396,40
red,maxilla,2.1452431720239433,0.9373793620797934,40
red,premaxilla,0.7661832823670982,1.7258891525935434,40
red,eye,2.096435113286004,1.9670357827013096,41
red,lowerjaw,0.6454645545409473,1.3678663127659112,41
red,maxilla,2.1873211672876143,0.9572834684083449,41
red,premaxilla,0.8203893420456804,1.6859142676973544,41
red,eye,2.129759891416146,1.9904023629539014,42
red,lowerjaw,0.6489569245375761,1.4257191200196464,42
red,maxilla,2.1937772051951745,0.9758159248047531,42
red,premaxilla,0.6712943332946971,1.7025335279587133,42
red,eye,2.1349505212093653,1.9419881717817933,43
red,lowerjaw,0.5289945464575851,1.2185001628090664,43
red,maxilla,2.1964750930811707,0.9292836932913968,43
red,premaxilla,0.7434013419143088,1.8008162332939694,43
red,eye,2.0910345391602663,1.909816251745202,44
red,lowerjaw,0.5958377718508463,1.272675057638288,44
red,maxilla,2.261615170434206,1.0039617935847969,44
red,premaxilla,0.7042218360179346,1.768406768761721,44
red,eye,2.1860440165238293,1.9756629729970117,45
red,lowerjaw,0.5821138141412073,1.3463644564332005,45
red,maxilla,2.1578916271033295,0.8980357032340268,45
red,premaxilla,0.7668099995620136,1.7784056965038177,45
red,eye,2.119983127383473,1.924348257226596,46
red,lowerjaw,0.6397246640540766,1.3530620060913687,46
red,maxilla,2.1174739336029673,0.8321618959167747,46
red,premaxilla,0.7874945680115953,1.6961274023146953,46
red,eye,2.1469423843101065,2.0463908003778295,47
red,lowerjaw,0.6217688126191473,1.4108735291085448,47
red,maxilla,2.173837037563739,0.9779955877566958,47
red,premaxilla,0.7454594654979138,1.7670735488208291,47
red,eye,2.1135461243082334,2.021225224248465,48
red,lowerjaw,0.596638517934706,1.4625787507119932,48
red,maxilla,2.157865170268292,0.9997689652610922,48
red,premaxilla,0.7905360418038543,1.6240113285813658,48
red,eye,2.133294507897022,1.9907325196553312,49
red,lowerjaw,0.7171160177722983,1.346895075683851,49
red,maxilla,2.1174402449935115,0.9563608867904065,49
red,premaxilla,0.8097051556944757,1.7462046517173044,49
red,eye,2.146660623260435,1.9388988816964479,50
red,lowerjaw,0.567705297676789,1.4694021148523613,50
red,maxilla,2.202158439089861,0.9771422713114359,50
red,premaxilla,0.696561741793955,1.6263975126715735,50
red,eye,2.1114321678977825,1.9858289767829607,51
red,lowerjaw,0.6467661850601965,1.397362663197409,51
red,maxilla,2.145111206651442,0.8896531316115444,51
red,premaxilla,0.8478816655495436,1.6628020176538094,51
red,eye,2.0764912616085507,1.9757737136211317,52
red,lowerjaw,0.6289685201490576,1.431690856282624,52
red,maxilla,2.318214118265713,0.9033472814094687,52
red,premaxilla,0.8183390775158532,1.7243157256283914,52
red,eye,2.0656584360997066,2.065652119648101,53
red,lowerjaw,0.6360291548018936,1.4198121338004823,53
red,maxilla,2.2790314622836654,0.9972597963654182,53
red,premaxilla,0.7437022204188597,1.7764473989066594,53
red,eye,2.114083188474567,1.9503093855266924,54
red,lowerjaw,0.5897313753038825,1.3405596503262402,54
red,maxilla,2.1689446606798986,0.9353947254816162,54
red,premaxilla,0.7034846764394522,1.791965967733805,54
red,eye,2.1665644713213488,1.9322158611782345,55
red,lowerjaw,0.6487111395258686,1.3140406143713346,55
red,maxilla,2.2089110608217952,0.8540391882299937,55
red,premaxilla,0.7458314804279224,1.5897126735276352,55
red,eye,2.113166939861398,1.9926016082449312,56
red,lowerjaw,0.6795885968305478,1.437682905448079,56
red,maxilla,2.200782286843551,0.9021339662982285,56
red,premaxilla,0.7239358291807798,1.6507667349386521,56
red,eye,2.1229728966973163,1.8858511632740185,57
red,lowerjaw,0.5725529857847,1.36384798095934,57
red,maxilla,2.219816685979699,0.9147035608144455,57
red,premaxilla,0.7281473980612144,1.7378073322223484,57
red,eye,2.1300672537456493,2.050519026013356,58
red,lowerjaw,0.609252405292413,1.3501674538040813,58
red,maxilla,2.2045179715541363,0.964247349380755,58
red,premaxilla,0.7526184997512454,1.6391872867715973,58
red,eye,2.1104228034693175,1.935978889140213,59
red,lowerjaw,0.6033903926902215,1.432563555942609,59
red,maxilla,2.2357240644878162,0.9046803629038503,59
red,premaxilla,0.7868748456310476,1.7791306032218157,59
red,eye,2.0782940028533083,1.9806544708962337,60
red,lowerjaw,0.5796470342727412,1.402844207232378,60
red,maxilla,2.1739921447992265,0.9129591329386861,60
red,premaxilla,0.7551494966262404,1.7023786224431297,60
red,eye,2.048606793387542,1.8859255666887869,61
red,lowerjaw,0.5572909626755073,1.463227903055227,61
red,maxilla,2.101258937435072,1.0005945553978943,61
red,premaxilla,0.7864779252703722,1.7951363308170403,61
red,eye,2.1394754410167662,1.8699328577602685,62
red,lowerjaw,0.68987029364487,1.4104117672157568,62
red,maxilla,2.100239619704488,0.884486351717806,62
red,premaxilla,0.8766579263910779,1.7573683165019909,62
red,eye,2.0870736861723915,2.052691376043639,63
red,lowerjaw,0.5554003161446077,1.3793429827882373,63
red,maxilla,2.1932882864922445,0.9237110267235172,63
red,premaxilla,0.8239194939537063,1.731782505353013,63
red,eye,2.124797967495179,1.963093806701595,64
red,lowerjaw,0.5917533927858639,1.4856850614101693,64
red,maxilla,2.1992779436134238,0.9273333372283348,64
red,premaxilla,0.8527173368376734,1.7140380998609903,64
red,eye,2.069815179158993,1.9657140690450423,65
red,lowerjaw,0.529810083100281,1.336737723524333,65
red,maxilla,2.1454059642324688,1.0261684266948434,65
red,premaxilla,0.8239644773331843,1.6632605456648566,65
red,eye,2.1184793944003655,1.9113089543847244,66
red,lowerjaw,0.5690233537833307,1.4538392719564432,66
red,maxilla,2.1782543116111732,0.9307428542029949,66
red,premaxilla,0.7871266322085709,1.729255425477231,66
red,eye,2.2098622310041813,1.9060275806973337,67
red,lowerjaw,0.5230644296044215,1.3626208777846034,67
red,maxilla,2.1870185503578896,0.9126580722239857,67
red,premaxilla,0.7951708458190883,1.6491339942128198,67
red,eye,2.0358431475993664,1.9668506255919556,68
red,lowerjaw,0.5758635818143267,1.343491872730924,68
red,maxilla,2.179126574019433,0.9810356356638413,68
red,premaxilla,0.7954051788552443,1.693362136643867,68
red,eye,2.0747621849235847,2.007158892305178,69
red,lowerjaw,0.62219686205948,1.3600134773462553,69
red,maxilla,2.1526933263324532,0.8969698589481987,69
red,premaxilla,0.7934665059821386,1.721252881662804,69
red,eye,2.212204658637853,2.0364436778678727,70
red,lowerjaw,0.6565167414550606,1.3315906824648254,70
red,maxilla,2.180284588324498,1.009773037903488,70
red,premaxilla,0.7400516305276109,1.771193627209497,70
red,eye,2.049276000239673,1.9143658310232412,71
red,lowerjaw,0.5604000022354384,1.326298239753948,71
red,maxilla,2.198670150403686,0.9742643965300493,71
red,premaxilla,0.7525883342089826,1.7099106451987924,71
red,eye,2.1503766677469867,1.9803653336236295,72
red,lowerjaw,0.5186212730906296,1.4365469550434513,72
red,maxilla,2.228472958783723,0.8979108185640842,72
red,premaxilla,0.8170674362704532,1.7051550344221982,72
red,eye,2.1367727011041113,1.9514902992880223,73
red,lowerjaw,0.6108031108534002,1.4359558633672656,73
red,maxilla,2.1540533744407715,0.8419431942092694,73
red,premaxilla,0.7293610015267682,1.6961088188046578,73
red,eye,2.1098690379563934,2.029540755283981,74
red,lowerjaw,0.561127391020702,1.330878617400554,74
red,maxilla,2.231582294151797,0.9232467821584146,74
red,premaxilla,0.731790635830641,1.7220000160262519,74
red,eye,2.178545738274692,1.9127295860641342,75
red,lowerjaw,0.6556999377763711,1.3072614983428716,75
red,maxilla,2.200959354992033,0.8104261391470434,75
red,premaxilla,0.7305043125842854,1.7150364429749858,75
red,eye,2.1137602784694165,1.9202713521743369,76
red,lowerjaw,0.6115040148659823,1.3383141324508436,76
red,maxilla,2.159375153154037,0.9661548781298654,76
red,premaxilla,0.8349920267352392,1.736422410939952,76
red,eye,1.9880041047196355,1.985116902930592,77
red,lowerjaw,0.5829792706308321,1.4010295304762954,77
red,maxilla,2.157280926653087,0.9735868274572547,77
red,premaxilla,0.7222338478571629,1.7177523462468023,77
red,eye,2.1142238247229947,1.9112683140999933,78
red,lowerjaw,0.5693546024656945,1.3540604334136046,78
red,maxilla,2.1519435818557344,0.9622228275253515,78
red,premaxilla,0.7265241839585986,1.739337618591182,78
red,eye,2.1671380886696068,1.993595681315134,79
red,lowerjaw,0.6338186428153149,1.456059390168957,79
red,maxilla,2.2057699215162003,0.9234739142810977,79
red,premaxilla,0.7225895476799289,1.7160378169301749,79
red,eye,2.1473964183317356,1.9828259478994683,80
red,lowerjaw,0.6407219384079659,1.404055964516174,80
red,maxilla,2.1476842282498994,0.9629403230265476,80
red,premaxilla,0.7987163724270392,1.6571924343606534,80
red,eye,2.165236799483191,1.9912148609680334,81
red,lowerjaw,0.5319877445514006,1.394209143205117,81
red,maxilla,2.171417104572257,0.9920332742202667,81
red,premaxilla,0.8342104941860213,1.7120179698755533,81
red,eye,2.1317608175368026,1.9321835380261525,82
red,lowerjaw,0.5669513207511331,1.317021508604444,82
red,maxilla,2.1533368585270347,0.875454120465438,82
red,premaxilla,0.7379634794723774,1.7560899197291178,82
red,eye,2.165510566522217,1.9525322513566636,83
red,lowerjaw,0.5667509517519824,1.3703729130954534,83
red,maxilla,2.21797134734689,0.9571419154422931,83
red,premaxilla,0.8058644970306286,1.723654460873172,83
red,eye,2.1580248654421013,1.9797444895555119,84
red,lowerjaw,0.5977243021327574,1.4119099516417981,84
red,maxilla,2.1000683930821773,0.9788827717507944,84
red,premaxilla,0.8030814145553381,1.7979968622260891,84
red,eye,2.1452338131276525,2.0847769472260937,85
red,lowerjaw,0.6350765949782141,1.494852644941072,85
red,maxilla,2.189041810432664,0.9541191750628115,85
red,premaxilla,0.8354124177780828,1.7007202895617684,85
red,eye,2.1626918768863987,2.045293957989947,86
red,lowerjaw,0.6284581925201946,1.4103969299090944,86
red,maxilla,2.1314772374921747,0.8921267269069688,86
red,premaxilla,0.7776770004981584,1.6698314841497213,86
red,eye,2.23206760904946,2.0248730963933737,87
red,lowerjaw,0.5513995175077658,1.4055560198257553,87
red,maxilla,2.2012212585782667,0.9360977007534151,87
red,premaxilla,0.7908013425417435,1.7411955691518834,87
red,eye,2.1023309743564593,1.9572510940261374,88
red,lowerjaw,0.547520982128714,1.3753280772249432,88
red,maxilla,2.185327498969435,0.9677465979699207,88
red,premaxilla,0.7527092787873675,1.7233116140076052,88
red,eye,2.1694990559564014,2.0074621517554716,89
red,lowerjaw,0.5376008590859023,1.3435307221211932,89
red,maxilla,2.218328910498089,0.9091300662044726,89
red,premaxilla,0.66233304863323506,1.771919876296987,89
red,eye,2.075910304433187,1.9717871930620705,90
red,lowerjaw,0.7250976285687127,1.4079621292423996,90
red,maxilla,2.217018435969164,0.8951599942860661,90
red,premaxilla,0.7483552160343482,1.6951490751929237,90
red,eye,2.1645984722938394,2.020252323119105,91
red,lowerjaw,0.6309105387211329,1.3803092530690098,91
red,maxilla,2.0969467956717676,1.0008752685211957,91
red,premaxilla,0.7789352415455482,1.7853398918929957,91
red,eye,2.092924517811763,1.9200226705712846,92
red,lowerjaw,0.5886916659841264,1.42426392525999,92
red,maxilla,2.1642208147451756,1.010044703177524,92
red,premaxilla,0.770170262048758,1.6995672366211274,92
red,eye,2.0618270729974886,1.9835781931589351,93
red,lowerjaw,0.6930753019233444,1.339635518950419,93
red,maxilla,2.1186320874323674,0.8441149814226658,93
red,premaxilla,0.7588082383319138,1.6922391688213565,93
red,eye,2.183035000754027,1.9631866998062457,94
red,lowerjaw,0.5609981201616615,1.3226755193603827,94
red,maxilla,2.220301663962026,0.916522334941083,94
red,premaxilla,0.7447109102558167,1.6877400486666418,94
red,eye,2.170844617812723,1.9471264397249235,95
red,lowerjaw,0.620284736467295,1.4130949683192793,95
red,maxilla,2.1241570941059225,0.982997513354356,95
red,premaxilla,0.6999103680798898,1.71848751199045,95
red,eye,2.148686538725973,1.91880867054706,96
red,lowerjaw,0.647112271933298,1.359802071612642,96
red,maxilla,2.209643039359153,0.9514688044702746,96
red,premaxilla,0.6812965319087914,1.8207864502885487,96
red,eye,2.152692476730969,1.9642784877584232,97
red,lowerjaw,0.5683524927477868,1.3644088738635352,97
red,maxilla,2.1815258057924947,0.9473179179961376,97
red,premaxilla,0.7874830348836611,1.721456863259797,97
red,eye,2.1358409572352355,1.9580585969013538,98
red,lowerjaw,0.556523275699352,1.370273618646663,98
red,maxilla,2.1908703034692545,1.0429167221798252,98
red,premaxilla,0.7126389853763664,1.6797893664192816,98
red,eye,2.1155739730481784,1.963614696368343,99
red,lowerjaw,0.6265822605001555,1.4050895379853925,99
red,maxilla,2.2170270257352134,0.9566875600980034,99
red,premaxilla,0.7351719045740205,1.7884588475790302,99
red,eye,2.1096384921819573,1.920166624725243,100
red,lowerjaw,0.5615417338303736,1.368601688360607,100
red,maxilla,2.1451177846198592,0.8760808801278759,100
red,premaxilla,0.7423534929043204,1.6717768556872583,100
