sp,PCL,habitat
Aculeola nigra,40.4,benthic
Alopias pelagicus,163.7,pelagic
Alopias superciliosus,272.4,pelagic
Alopias vulpinus,289.8,pelagic
Apristurus albisoma,42.9,benthic
Apristurus ampliceps,85.5,benthic
Apristurus aphyodes,40,benthic
Apristurus australis,43.4,benthic
Apristurus brunneus,53,benthic
Apristurus exsanguis,66.2,benthic
Apristurus fedorovi,59.1,benthic
Apristurus japonicus,50.6,benthic
Apristurus kampae,46.3,benthic
Apristurus laurussonii,52.2,benthic
Apristurus longicephalus,41,benthic
Apristurus macrorhynchus,49.2,benthic
Apristurus manis,51.5,benthic
Apristurus melanoasper,62.3,benthic
Apristurus microps,45.4,benthic
Apristurus pinguis,47.9,benthic
Apristurus platyrhynchus,52.8,benthic
Apristurus profundorum,56.5,benthic
Apristurus sinensis,58.5,benthic
Asymbolus parvus,32.1,benthic
Asymbolus rubiginosus,42.5,benthic
Atelomycterus baliensis,35.6,benthic
Atelomycterus fasciatus,36.4,benthic
Atelomycterus marmoratus,45.3,benthic
Atelomycterus marnkalha,39.6,benthic
Aulohalaelurus labiosus,53.2,benthic
Brachaelurus colcloughi,60.8,benthic
Brachaelurus waddi,91.9,benthic
Bythaelurus canescens,53.9,benthic
Bythaelurus dawsoni,31,benthic
Carcharhinus acronotus,100.3,benthic
Carcharhinus albimarginatus,222.1,pelagic
Carcharhinus altimus,215.2,benthic
Carcharhinus amblyrhynchoides,131.7,pelagic
Carcharhinus amblyrhynchos,200.5,pelagic
Carcharhinus borneensis,50.8,benthic
Carcharhinus brachyurus,226.9,pelagic
Carcharhinus brevipinna,210.2,pelagic
Carcharhinus cautus,115.5,benthic
Carcharhinus dussumieri,79.1,benthic
Carcharhinus falciformis,235.7,pelagic
Carcharhinus fitzroyensis,96.7,benthic
Carcharhinus galapagensis,273.1,pelagic
Carcharhinus isodon,143.3,benthic
Carcharhinus leiodon,91.7,benthic
Carcharhinus leucas,244.7,benthic
Carcharhinus limbatus,161.7,pelagic
Carcharhinus longimanus,264.8,pelagic
Carcharhinus macloti,79.3,benthic
Carcharhinus melanopterus,150.8,benthic
Carcharhinus obscurus,292,pelagic
Carcharhinus perezii,211.6,benthic
Carcharhinus plumbeus,216.9,benthic
Carcharhinus sealei,72.9,benthic
Carcharhinus signatus,205.7,pelagic
Carcharhinus sorrah,115.5,benthic
Carcharhinus tilstoni,146.9,pelagic
Carcharias taurus,252.2,benthic
Carcharodon carcharias,492.7,pelagic
Centrophorus atromarginatus,73.2,benthic
Centrophorus granulosus,87.7,benthic
Centrophorus harrissoni,79.5,benthic
Centrophorus isodon,86.5,benthic
Centrophorus moluccensis,79.9,benthic
Centrophorus squamosus,131.1,benthic
Centrophorus zeehaani,88.1,benthic
Centroscyllium fabricii,79.7,benthic
Centroscyllium granulatum,22.3,benthic
Centroscyllium nigrum,38.6,benthic
Centroscyllium ritteri,33.8,benthic
Centroscymnus coelolepis,98.1,benthic
Centroscymnus owstonii,94.7,benthic
Centroselachus crepidater,82.2,benthic
Cephaloscyllium albipinnum,86.6,benthic
Cephaloscyllium hiscosellum,41.4,benthic
Cephaloscyllium laticeps,114.6,benthic
Cephaloscyllium silasi,27.9,benthic
Cephaloscyllium umbratile,89.9,benthic
Cephaloscyllium variegatum,61.6,benthic
Cephaloscyllium ventriosum,76.4,benthic
Cetorhinus maximus,817.3,pelagic
Chaenogaleus macrostoma,76.9,benthic
Chiloscyllium griseum,57.5,benthic
Chiloscyllium hasseltii,44.9,benthic
Chiloscyllium indicum,48.6,benthic
Chiloscyllium plagiosum,69.7,benthic
Chiloscyllium punctatum,102.1,benthic
Chlamydoselachus anguineus,144.5,benthic
Cirrhigaleus asper,101.8,benthic
Cirrhigaleus australis,102.5,benthic
Cirrhigaleus barbifer,102.9,benthic
Dalatias licha,138.8,benthic
Deania calcea,99.4,benthic
Deania hystricosa,88.5,benthic
Deania profundorum,78.4,benthic
Deania quadrispinosa,96.4,benthic
Echinorhinus brucus,221,benthic
Echinorhinus cookei,338.5,benthic
Etmopterus bigelowi,17.8,pelagic
Etmopterus brachyurus,32.1,benthic
Etmopterus dianthus,33,benthic
Etmopterus dislineatus,20.5,benthic
Etmopterus fusus,23.8,benthic
Etmopterus gracilispinis,25,benthic
Etmopterus granulosus,62.5,benthic
Etmopterus lucifer,36,benthic
Etmopterus molleri,36.6,benthic
Etmopterus polli,18.1,benthic
Etmopterus princeps,66.7,benthic
Etmopterus pseudosqualiolus,35.9,pelagic
Etmopterus pusillus,39.8,benthic
Etmopterus schultzi,22.8,benthic
Etmopterus sentosus,21.2,benthic
Etmopterus sheikoi,33.6,benthic
Etmopterus spinax,30.2,benthic
Etmopterus splendidus,19.9,benthic
Etmopterus unicolor,52.9,pelagic
Etmopterus virens,19.9,benthic
Eucrossorhinus dasypogon,98,benthic
Euprotomicrus bispinatus,15.5,pelagic
Eusphyra blochii,122.9,benthic
Figaro boardmani,48,benthic
Furgaleus macki,127.5,benthic
Galeocerdo cuvier,448.4,pelagic
Galeorhinus galeus,151.6,benthic
Galeus arae,25.5,benthic
Galeus atlanticus,33.7,benthic
Galeus eastmani,36.4,benthic
Galeus melastomus,64.7,benthic
Galeus murinus,47.5,benthic
Galeus polli,32.2,benthic
Galeus sauteri,31.7,benthic
Ginglymostoma cirratum,207.3,benthic
Glyphis gangeticus,152.7,benthic
Glyphis garricki,226.4,benthic
Glyphis glyphis,224,benthic
Gollum attenuatus,88.8,benthic
Halaelurus lineatus,44.5,benthic
Halaelurus natalensis,40.4,benthic
Halaelurus sellus,33.3,benthic
Haploblepharus edwardsii,47.3,benthic
Hemigaleus australiensis,88.6,benthic
Hemigaleus microstoma,72.3,benthic
Hemipristis elongata,176.5,benthic
Hemiscyllium ocellatum,78.9,benthic
Hemitriakis complicofasciata,75.7,benthic
Hemitriakis falcata,61.8,benthic
Hemitriakis japanica,97.5,benthic
Hemitriakis leucoperiptera,76.4,benthic
Heptranchias perlo,92.9,benthic
Heterodontus francisci,75.7,benthic
Heterodontus galeatus,102.4,benthic
Heterodontus mexicanus,52,benthic
Heterodontus portusjacksoni,136.1,benthic
Heterodontus zebra,89.9,benthic
Hexanchus griseus,211,benthic
Holohalaelurus regani,53.2,benthic
Hypogaleus hyugaensis,100,benthic
Iago garricki,59.3,benthic
Iago omanensis,35.5,benthic
Isistius brasiliensis,42.4,pelagic
Isurus oxyrinchus,331,pelagic
Isurus paucus,354.7,pelagic
Lamiopsis temminckii,128.6,benthic
Lamna ditropis,241.1,pelagic
Lamna nasus,278.5,pelagic
Loxodon macrorhinus,75.3,benthic
Megachasma pelagios,382,pelagic
Mitsukurina owstoni,375.9,benthic
Mustelus antarcticus,151.7,benthic
Mustelus asterias,110.8,benthic
Mustelus californicus,94.3,benthic
Mustelus canis,114.7,benthic
Mustelus henlei,80.8,benthic
Mustelus lenticulatus,115.5,benthic
Mustelus lunulatus,136.7,benthic
Mustelus manazo,76.6,benthic
Mustelus mosis,122.3,benthic
Mustelus mustelus,86.2,benthic
Mustelus norrisi,79.7,benthic
Mustelus palumbes,90.1,benthic
Mustelus punctulatus,74.4,benthic
Mustelus ravidus,82.5,benthic
Mustelus schmitti,86.6,benthic
Mustelus sinusmexicanus,108.9,benthic
Mustelus stevensi,82.8,benthic
Mustelus widodoi,91.4,benthic
Nasolamia velox,108,benthic
Nebrius ferrugineus,213.1,benthic
Negaprion acutidens,229,benthic
Negaprion brevirostris,260.6,benthic
Notorynchus cepedianus,202.4,benthic
Odontaspis noronhai,245.3,benthic
Orectolobus floridus,62.5,benthic
Orectolobus hutchinsi,118.3,benthic
Orectolobus japonicus,89.2,benthic
Orectolobus maculatus,133,benthic
Orectolobus ornatus,84.4,benthic
Orectolobus parvimaculatus,75.9,benthic
Oxynotus bruniensis,71.3,benthic
Oxynotus centrina,119.8,benthic
Oxynotus paradoxus,92.8,benthic
Paragaleus pectoralis,106.1,benthic
Parascyllium collare,71.3,benthic
Parmaturus xaniurus,47.8,benthic
Pliotrema warreni,66.6,benthic
Poroderma africanum,61,benthic
Poroderma pantherinum,60.8,benthic
Prionace glauca,277,pelagic
Pristiophorus cirratus,90.8,benthic
Pristiophorus japonicus,91.8,benthic
Pristiophorus nudipinnis,76,benthic
Proscyllium habereri,52.1,benthic
Proscymnodon plunketi,139.6,benthic
Pseudocarcharias kamoharai,94.6,pelagic
Pseudoginglymostoma brevicaudatum,56.6,benthic
Pseudotriakis microdon,231.5,benthic
Rhincodon typus,1643.5,pelagic
Rhizoprionodon acutus,129.4,benthic
Rhizoprionodon lalandii,57.4,benthic
Rhizoprionodon longurio,116.7,benthic
Rhizoprionodon oligolinx,51.4,benthic
Rhizoprionodon porosus,81.5,benthic
Rhizoprionodon taylori,50.2,benthic
Rhizoprionodon terraenovae,84.6,benthic
Schroederichthys bivius,54.6,benthic
Scoliodon laticaudus,76.6,benthic
Scoliodon macrorhynchos,55.9,benthic
Scyliorhinus canicula,77.1,benthic
Scyliorhinus capensis,94.9,benthic
Scyliorhinus retifer,47,benthic
Scyliorhinus stellaris,123.7,benthic
Scyliorhinus torazame,36.9,benthic
Scylliogaleus quecketti,79.2,benthic
Scymnodon ringens,83.4,benthic
Somniosus antarcticus,496.1,benthic
Somniosus microcephalus,566.6,benthic
Somniosus pacificus,582.9,benthic
Somniosus rostratus,119.1,benthic
Sphyrna corona,66.3,pelagic
Sphyrna lewini,282.6,pelagic
Sphyrna media,111.2,pelagic
Sphyrna mokarran,419.8,pelagic
Sphyrna tiburo,106.2,pelagic
Sphyrna tudes,106.5,pelagic
Sphyrna zygaena,283.7,pelagic
Squaliolus aliae,16.3,pelagic
Squaliolus laticaudus,24.3,pelagic
Squalus acanthias,159.8,benthic
Squalus brevirostris,47.6,benthic
Squalus chloroculus,71.5,benthic
Squalus crassispinus,47.4,benthic
Squalus cubensis,87.9,benthic
Squalus edmundsi,69.7,benthic
Squalus grahami,45.9,benthic
Squalus hemipinnis,60.1,benthic
Squalus japonicus,78.5,benthic
Squalus megalops,62.4,benthic
Squalus mitsukurii,100.7,benthic
Squalus montalbani,69.2,benthic
Squalus nasutus,62.8,benthic
Squalus suckleyi,106.6,benthic
Squatina aculeata,161.7,benthic
Squatina africana,102,benthic
Squatina albipunctata,107.8,benthic
Squatina australis,102,benthic
Squatina californica,147.7,benthic
Squatina dumeril,124.6,benthic
Squatina formosa,127.3,benthic
Squatina japonica,164.4,benthic
Squatina nebulosa,170.5,benthic
Squatina occulta,102.1,benthic
Squatina pseudocellata,96.1,benthic
Squatina squatina,210,benthic
Squatina tergocellata,110.1,benthic
Squatina tergocellatoides,94.3,benthic
Stegostoma fasciatum,170.5,benthic
Sutorectus tentaculatus,69.7,benthic
Triaenodon obesus,148.7,benthic
Triakis megalopterus,163.3,benthic
Triakis scyllium,114.7,benthic
Triakis semifasciata,139.6,benthic
Trigonognathus kabeyai,44.6,pelagic
Zameus squamulosus,69.1,benthic
