snp_1,Canis_latrans_1,Canis_lupus_1,Fst_1,snp_2,Canis_latrans_2,Canis_lycaon_1,fst2,snp_3,Canis_lupus_2,Canis_lycaon_2,fst4
rs24175585,G,A,0.97,rs22927609,G,C,0.96,rs22011433,C,T,0.74
rs22333390,A,G,0.97,rs22416514,G,A,0.95,rs23651611,T,C,0.72
rs9150379,G,A,0.97,rs23054155,G,C,0.94,rs24207725,A,G,0.70
rs22877057,A,C,0.97,rs22691222,C,T,0.92,rs21906101,T,G,0.70
rs24471781,T,G,0.95,rs22659787,C,G,0.90,rs22976400,G,A,0.69
rs23367849,A,G,0.91,rs22436136,A,G,0.90,rs21962387,A,G,0.62
rs24514093,T,C,0.91,rs22491491,G,A,0.90,rs22128776,A,G,0.62
rs24543100,C,T,0.90,rs22488932,C,T,0.90,rs21972855,G,A,0.62
rs23617324,T,C,0.88,rs22494347,T,G,0.89,rs24617980,T,C,0.61
rs22161480,C,T,0.88,rs22582321,C,T,0.87,rs23245491,G,C,0.61
rs8612074,A,G,0.88,rs9073720,C,T,0.87,rs23653965,T,A,0.60
rs23909187,A,G,0.87,rs24489243,G,A,0.86,rs22817050,T,C,0.59
rs23278100,C,T,0.86,rs24373496,G,A,0.85,rs22767921,A,G,0.58
rs23037622,T,C,0.86,rs24447332,C,T,0.85,rs23070823,G,T,0.57
rs22928481,C,A,0.86,rs9029227,G,A,0.85,rs24401025,A,G,0.55
rs23050823,G,A,0.86,rs24218607,T,C,0.85,rs8747831,T,C,0.54
rs23006689,G,A,0.85,rs23126832,T,A,0.84,rs24427396,A,G,0.54
rs24517393,T,C,0.85,rs8666298,G,A,0.84,rs22521423,G,A,0.54
rs22645721,C,T,0.85,rs23410089,G,T,0.83,rs24260906,A,G,0.53
rs22409691,G,A,0.84,rs22350704,C,T,0.83,rs23966574,G,A,0.53
rs23001750,C,A,0.84,rs23486713,G,A,0.83,rs24312148,G,C,0.53